stock_code,stock_name,shares,weight,date
2330,台灣積體,1100000,14.9,2025-12-15
7769,鴻勁精密,150000,4.477,2025-12-15
6669,緯穎科技,110000,4.408,2025-12-15
2383,台光電子,270000,4.048,2025-12-15
2308,台達電子,450000,3.876,2025-12-15
3017,奇鋐科技,300000,3.867,2025-12-15
3665,貿聯-KY,280000,3.858,2025-12-15
8299,群聯電子,350000,3.678,2025-12-15
2345,智邦科技,240000,2.713,2025-12-15
5274,信驊科技,40000,2.539,2025-12-15
6805,富世達股,170000,2.462,2025-12-15
6223,旺矽科技,110000,2.435,2025-12-15
2059,川湖科技,70000,2.37,2025-12-15
2368,金像電子,420000,2.366,2025-12-15
6274,台燿科技,570000,2.311,2025-12-15
6781,AES-KY,175000,2.166,2025-12-15
1519,華城電機,285000,2.135,2025-12-15
3653,健策精密,70000,1.906,2025-12-15
8210,勤誠興業,210000,1.717,2025-12-15
2317,鴻海精密,430000,0.89,2025-12-15
3711,日月光投,400000,0.874,2025-12-15
6510,中華精測,30000,0.656,2025-12-15
2449,京元電子,300000,0.621,2025-12-15
2891,中國信託,1350000,0.59,2025-12-15
2882,國泰金融,900000,0.589,2025-12-15
2881,富邦金融,650000,0.58,2025-12-15
2885,元大金融,1600000,0.574,2025-12-15
2404,漢唐集成,65000,0.562,2025-12-15
3324,雙鴻科技,65000,0.54,2025-12-15
3044,健鼎科技,190000,0.534,2025-12-15
2382,廣達電腦,200000,0.532,2025-12-15
2454,聯發科技,40000,0.531,2025-12-15
3231,緯創資通,400000,0.529,2025-12-15
3036,文曄科技,380000,0.525,2025-12-15
6515,穎崴科技,20000,0.52,2025-12-15
8358,金居開發,200000,0.512,2025-12-15
6409,旭隼科技,9000,0.084,2025-12-15
1590,亞德客-KY,9000,0.081,2025-12-15
3293,鈊象電子,9000,0.06,2025-12-15
8464,億豐綜合,9000,0.032,2025-12-15
3661,世芯-KY,1000,0.03,2025-12-15
1477,聚陽實業,9000,0.025,2025-12-15
3443,創意電子,1000,0.021,2025-12-15
2327,國巨股份,9000,0.019,2025-12-15
3037,欣興電子,9000,0.019,2025-12-15
2603,長榮海運,9000,0.015,2025-12-15
2301,光寶科技,9000,0.013,2025-12-15
2645,長榮航太,9000,0.012,2025-12-15
5347,世界先進,9000,0.008,2025-12-15
2330,台灣積體,1400000,19.154,2025-12-16
7769,鴻勁精密,170000,5.17,2025-12-16
3017,奇鋐科技,390000,5.001,2025-12-16
6669,緯穎科技,120000,4.759,2025-12-16
3665,貿聯-KY,330000,4.531,2025-12-16
2383,台光電子,300000,4.276,2025-12-16
2308,台達電子,480000,4.123,2025-12-16
8299,群聯電子,350000,3.487,2025-12-16
2059,川湖科技,100000,3.423,2025-12-16
2368,金像電子,600000,3.398,2025-12-16
2345,智邦科技,300000,3.318,2025-12-16
6223,旺矽科技,150000,3.282,2025-12-16
5274,信驊科技,50000,3.17,2025-12-16
3653,健策精密,115000,3.114,2025-12-16
1519,華城電機,320000,2.435,2025-12-16
6805,富世達股,170000,2.399,2025-12-16
6781,AES-KY,190000,2.319,2025-12-16
6274,台燿科技,600000,2.317,2025-12-16
8210,勤誠興業,270000,2.219,2025-12-16
3231,緯創資通,680000,0.901,2025-12-16
2317,鴻海精密,430000,0.894,2025-12-16
3711,日月光投,400000,0.873,2025-12-16
6510,中華精測,30000,0.674,2025-12-16
2449,京元電子,300000,0.618,2025-12-16
2882,國泰金融,900000,0.602,2025-12-16
2891,中國信託,1350000,0.6,2025-12-16
2881,富邦金融,650000,0.595,2025-12-16
2885,元大金融,1600000,0.592,2025-12-16
2404,漢唐集成,65000,0.586,2025-12-16
3324,雙鴻科技,65000,0.549,2025-12-16
3044,健鼎科技,190000,0.542,2025-12-16
2454,聯發科技,40000,0.542,2025-12-16
3036,文曄科技,380000,0.531,2025-12-16
6515,穎崴科技,20000,0.528,2025-12-16
2382,廣達電腦,200000,0.521,2025-12-16
8358,金居開發,200000,0.471,2025-12-16
6409,旭隼科技,9000,0.084,2025-12-16
1590,亞德客-KY,9000,0.081,2025-12-16
3293,鈊象電子,9000,0.06,2025-12-16
8464,億豐綜合,9000,0.032,2025-12-16
3661,世芯-KY,1000,0.029,2025-12-16
1477,聚陽實業,9000,0.026,2025-12-16
3443,創意電子,1000,0.019,2025-12-16
2327,國巨股份,9000,0.019,2025-12-16
3037,欣興電子,9000,0.018,2025-12-16
2603,長榮海運,9000,0.016,2025-12-16
2301,光寶科技,9000,0.013,2025-12-16
2645,長榮航太,9000,0.012,2025-12-16
5347,世界先進,9000,0.008,2025-12-16
2330,台灣積體,1400000,19.122,2025-12-17
7769,鴻勁精密,170000,5.31,2025-12-17
3017,奇鋐科技,390000,4.992,2025-12-17
6669,緯穎科技,120000,4.785,2025-12-17
3665,貿聯-KY,330000,4.523,2025-12-17
2383,台光電子,300000,4.284,2025-12-17
2308,台達電子,480000,4.08,2025-12-17
8299,群聯電子,380000,3.974,2025-12-17
2345,智邦科技,300000,3.396,2025-12-17
2059,川湖科技,100000,3.386,2025-12-17
2368,金像電子,600000,3.358,2025-12-17
6223,旺矽科技,150000,3.209,2025-12-17
5274,信驊科技,50000,3.104,2025-12-17
3653,健策精密,115000,2.971,2025-12-17
8210,勤誠興業,290000,2.476,2025-12-17
6274,台燿科技,600000,2.373,2025-12-17
6781,AES-KY,190000,2.359,2025-12-17
6805,富世達股,170000,2.354,2025-12-17
1519,華城電機,320000,2.338,2025-12-17
3231,緯創資通,680000,0.896,2025-12-17
2317,鴻海精密,430000,0.889,2025-12-17
3711,日月光投,400000,0.873,2025-12-17
6510,中華精測,30000,0.656,2025-12-17
2891,中國信託,1350000,0.631,2025-12-17
2882,國泰金融,900000,0.629,2025-12-17
2449,京元電子,300000,0.616,2025-12-17
2881,富邦金融,650000,0.604,2025-12-17
2885,元大金融,1600000,0.601,2025-12-17
2404,漢唐集成,65000,0.594,2025-12-17
3044,健鼎科技,190000,0.553,2025-12-17
3324,雙鴻科技,65000,0.551,2025-12-17
2454,聯發科技,40000,0.544,2025-12-17
3036,文曄科技,380000,0.53,2025-12-17
2382,廣達電腦,200000,0.506,2025-12-17
6515,穎崴科技,20000,0.491,2025-12-17
6442,光紅建聖,40000,0.464,2025-12-17
8358,金居開發,200000,0.456,2025-12-17
6409,旭隼科技,9000,0.084,2025-12-17
1590,亞德客-KY,9000,0.08,2025-12-17
3293,鈊象電子,9000,0.06,2025-12-17
8464,億豐綜合,9000,0.032,2025-12-17
3661,世芯-KY,1000,0.031,2025-12-17
1477,聚陽實業,9000,0.026,2025-12-17
3443,創意電子,1000,0.019,2025-12-17
2327,國巨股份,9000,0.019,2025-12-17
3037,欣興電子,9000,0.018,2025-12-17
2603,長榮海運,9000,0.016,2025-12-17
2301,光寶科技,9000,0.013,2025-12-17
2645,長榮航太,9000,0.012,2025-12-17
5347,世界先進,9000,0.008,2025-12-17
2330,台灣積體,1800000,19.64,2025-12-18
7769,鴻勁精密,210000,5.288,2025-12-18
3017,奇鋐科技,470000,4.877,2025-12-18
6669,緯穎科技,150000,4.778,2025-12-18
3665,貿聯-KY,420000,4.615,2025-12-18
2383,台光電子,400000,4.578,2025-12-18
2308,台達電子,600000,4.079,2025-12-18
8299,群聯電子,480000,3.956,2025-12-18
2345,智邦科技,400000,3.602,2025-12-18
5274,信驊科技,65000,3.281,2025-12-18
2059,川湖科技,120000,3.223,2025-12-18
2368,金像電子,600000,2.697,2025-12-18
3653,健策精密,130000,2.634,2025-12-18
6223,旺矽科技,150000,2.524,2025-12-18
8210,勤誠興業,360000,2.434,2025-12-18
6805,富世達股,210000,2.323,2025-12-18
1519,華城電機,400000,2.31,2025-12-18
6781,AES-KY,230000,2.246,2025-12-18
6274,台燿科技,600000,1.889,2025-12-18
2404,漢唐集成,100000,0.726,2025-12-18
3231,緯創資通,680000,0.724,2025-12-18
2317,鴻海精密,430000,0.709,2025-12-18
3324,雙鴻科技,100000,0.683,2025-12-18
3711,日月光投,400000,0.678,2025-12-18
6510,中華精測,40000,0.676,2025-12-18
2882,國泰金融,900000,0.511,2025-12-18
2891,中國信託,1350000,0.508,2025-12-18
2881,富邦金融,650000,0.48,2025-12-18
2885,元大金融,1600000,0.479,2025-12-18
2449,京元電子,300000,0.477,2025-12-18
3044,健鼎科技,190000,0.434,2025-12-18
2454,聯發科技,40000,0.433,2025-12-18
3036,文曄科技,380000,0.426,2025-12-18
2382,廣達電腦,200000,0.397,2025-12-18
6515,穎崴科技,20000,0.391,2025-12-18
8358,金居開發,200000,0.371,2025-12-18
6442,光紅建聖,40000,0.339,2025-12-18
6409,旭隼科技,9000,0.066,2025-12-18
1590,亞德客-KY,9000,0.062,2025-12-18
3293,鈊象電子,9000,0.048,2025-12-18
8464,億豐綜合,9000,0.026,2025-12-18
3661,世芯-KY,1000,0.024,2025-12-18
1477,聚陽實業,9000,0.02,2025-12-18
3443,創意電子,1000,0.015,2025-12-18
2327,國巨股份,9000,0.015,2025-12-18
3037,欣興電子,9000,0.014,2025-12-18
2603,長榮海運,9000,0.013,2025-12-18
2301,光寶科技,9000,0.011,2025-12-18
2645,長榮航太,9000,0.009,2025-12-18
5347,世界先進,9000,0.007,2025-12-18
2330,台灣積體,1800000,17.324,2025-12-19
3017,奇鋐科技,500000,4.879,2025-12-19
7769,鴻勁精密,210000,4.657,2025-12-19
6669,緯穎科技,160000,4.614,2025-12-19
8299,群聯電子,600000,4.482,2025-12-19
3665,貿聯-KY,460000,4.458,2025-12-19
2308,台達電子,720000,4.414,2025-12-19
2383,台光電子,400000,4.173,2025-12-19
2368,金像電子,850000,3.478,2025-12-19
2059,川湖科技,140000,3.449,2025-12-19
2345,智邦科技,420000,3.321,2025-12-19
5274,信驊科技,75000,3.321,2025-12-19
8210,勤誠興業,420000,2.666,2025-12-19
6805,富世達股,240000,2.496,2025-12-19
6781,AES-KY,270000,2.417,2025-12-19
6274,台燿科技,840000,2.414,2025-12-19
6223,旺矽科技,150000,2.327,2025-12-19
3653,健策精密,130000,2.301,2025-12-19
1519,華城電機,440000,2.254,2025-12-19
3324,雙鴻科技,150000,0.983,2025-12-19
3231,緯創資通,1000000,0.969,2025-12-19
2317,鴻海精密,650000,0.969,2025-12-19
6510,中華精測,60000,0.929,2025-12-19
2404,漢唐集成,140000,0.926,2025-12-19
2885,元大金融,2450000,0.663,2025-12-19
2882,國泰金融,1300000,0.661,2025-12-19
2881,富邦金融,1000000,0.655,2025-12-19
2891,中國信託,1960000,0.653,2025-12-19
3711,日月光投,400000,0.618,2025-12-19
2449,京元電子,300000,0.435,2025-12-19
3036,文曄科技,380000,0.389,2025-12-19
3044,健鼎科技,190000,0.387,2025-12-19
2454,聯發科技,40000,0.38,2025-12-19
6515,穎崴科技,20000,0.353,2025-12-19
1303,南亞塑膠,850000,0.343,2025-12-19
8358,金居開發,200000,0.33,2025-12-19
6442,光紅建聖,40000,0.311,2025-12-19
6409,旭隼科技,9000,0.058,2025-12-19
1590,亞德客-KY,9000,0.056,2025-12-19
8464,億豐綜合,9000,0.023,2025-12-19
3661,世芯-KY,1000,0.022,2025-12-19
1477,聚陽實業,9000,0.018,2025-12-19
2382,廣達電腦,9000,0.016,2025-12-19
3443,創意電子,1000,0.014,2025-12-19
2327,國巨股份,9000,0.013,2025-12-19
3037,欣興電子,9000,0.013,2025-12-19
2603,長榮海運,9000,0.011,2025-12-19
2301,光寶科技,9000,0.01,2025-12-19
2645,長榮航太,9000,0.009,2025-12-19
5347,世界先進,9000,0.006,2025-12-19
2330,台灣積體,1800000,17.262,2025-12-22
8299,群聯電子,650000,5.0,2025-12-22
3665,貿聯-KY,500000,4.828,2025-12-22
3017,奇鋐科技,500000,4.828,2025-12-22
7769,鴻勁精密,220000,4.752,2025-12-22
2308,台達電子,750000,4.679,2025-12-22
2383,台光電子,440000,4.608,2025-12-22
6669,緯穎科技,160000,4.451,2025-12-22
2368,金像電子,900000,3.829,2025-12-22
2059,川湖科技,150000,3.663,2025-12-22
5274,信驊科技,75000,3.339,2025-12-22
2345,智邦科技,420000,3.217,2025-12-22
6274,台燿科技,900000,2.675,2025-12-22
2408,南亞科技,2250000,2.651,2025-12-22
8210,勤誠興業,420000,2.59,2025-12-22
6805,富世達股,240000,2.427,2025-12-22
6781,AES-KY,270000,2.333,2025-12-22
1519,華城電機,440000,2.264,2025-12-22
3653,健策精密,130000,2.251,2025-12-22
6223,旺矽科技,150000,2.214,2025-12-22
3324,雙鴻科技,150000,0.973,2025-12-22
3231,緯創資通,1000000,0.959,2025-12-22
2317,鴻海精密,650000,0.953,2025-12-22
6510,中華精測,60000,0.911,2025-12-22
2404,漢唐集成,140000,0.854,2025-12-22
2882,國泰金融,1300000,0.651,2025-12-22
2891,中國信託,1960000,0.647,2025-12-22
2881,富邦金融,1000000,0.643,2025-12-22
2885,元大金融,2450000,0.642,2025-12-22
3711,日月光投,400000,0.607,2025-12-22
2449,京元電子,300000,0.434,2025-12-22
3044,健鼎科技,190000,0.392,2025-12-22
3036,文曄科技,380000,0.376,2025-12-22
2454,聯發科技,40000,0.367,2025-12-22
6515,穎崴科技,20000,0.339,2025-12-22
1303,南亞塑膠,850000,0.336,2025-12-22
8358,金居開發,200000,0.326,2025-12-22
6442,光紅建聖,40000,0.31,2025-12-22
1590,亞德客-KY,9000,0.055,2025-12-22
8464,億豐綜合,9000,0.022,2025-12-22
3661,世芯-KY,1000,0.021,2025-12-22
1477,聚陽實業,9000,0.018,2025-12-22
2382,廣達電腦,9000,0.016,2025-12-22
2327,國巨股份,9000,0.013,2025-12-22
3443,創意電子,1000,0.013,2025-12-22
3037,欣興電子,9000,0.013,2025-12-22
2603,長榮海運,9000,0.011,2025-12-22
2301,光寶科技,9000,0.01,2025-12-22
2645,長榮航太,9000,0.009,2025-12-22
5347,世界先進,9000,0.006,2025-12-22
2330,台灣積體,1800000,17.596,2025-12-23
8299,群聯電子,650000,5.011,2025-12-23
3017,奇鋐科技,500000,4.953,2025-12-23
3665,貿聯-KY,500000,4.789,2025-12-23
7769,鴻勁精密,220000,4.749,2025-12-23
6669,緯穎科技,170000,4.746,2025-12-23
2383,台光電子,440000,4.662,2025-12-23
2308,台達電子,750000,4.64,2025-12-23
2368,金像電子,900000,3.844,2025-12-23
2059,川湖科技,150000,3.671,2025-12-23
5274,信驊科技,75000,3.38,2025-12-23
2345,智邦科技,420000,3.265,2025-12-23
6274,台燿科技,900000,2.749,2025-12-23
8210,勤誠興業,420000,2.632,2025-12-23
2408,南亞科技,2250000,2.605,2025-12-23
6805,富世達股,240000,2.519,2025-12-23
3653,健策精密,140000,2.494,2025-12-23
1519,華城電機,470000,2.433,2025-12-23
6781,AES-KY,270000,2.267,2025-12-23
6223,旺矽科技,150000,2.209,2025-12-23
3324,雙鴻科技,150000,1.004,2025-12-23
2317,鴻海精密,650000,0.955,2025-12-23
3231,緯創資通,1000000,0.951,2025-12-23
6510,中華精測,60000,0.898,2025-12-23
2404,漢唐集成,140000,0.876,2025-12-23
2882,國泰金融,1300000,0.654,2025-12-23
2885,元大金融,2450000,0.652,2025-12-23
2891,中國信託,1960000,0.648,2025-12-23
2881,富邦金融,1000000,0.644,2025-12-23
3711,日月光投,400000,0.615,2025-12-23
2449,京元電子,300000,0.433,2025-12-23
3044,健鼎科技,190000,0.39,2025-12-23
2454,聯發科技,40000,0.365,2025-12-23
3036,文曄科技,380000,0.364,2025-12-23
6515,穎崴科技,20000,0.339,2025-12-23
1605,華新麗華,1650000,0.331,2025-12-23
8358,金居開發,200000,0.331,2025-12-23
1303,南亞塑膠,850000,0.328,2025-12-23
6442,光紅建聖,40000,0.316,2025-12-23
1590,亞德客-KY,9000,0.056,2025-12-23
8464,億豐綜合,9000,0.022,2025-12-23
3661,世芯-KY,1000,0.021,2025-12-23
1477,聚陽實業,9000,0.018,2025-12-23
2382,廣達電腦,9000,0.016,2025-12-23
3443,創意電子,1000,0.013,2025-12-23
3037,欣興電子,9000,0.013,2025-12-23
2603,長榮海運,9000,0.011,2025-12-23
2301,光寶科技,9000,0.01,2025-12-23
2645,長榮航太,9000,0.009,2025-12-23
5347,世界先進,9000,0.006,2025-12-23
2330,台灣積體,1800000,17.602,2025-12-24
8299,群聯電子,650000,5.485,2025-12-24
3665,貿聯-KY,500000,5.069,2025-12-24
3017,奇鋐科技,500000,4.906,2025-12-24
2383,台光電子,440000,4.864,2025-12-24
6669,緯穎科技,170000,4.715,2025-12-24
7769,鴻勁精密,220000,4.706,2025-12-24
2308,台達電子,750000,4.685,2025-12-24
2368,金像電子,900000,3.933,2025-12-24
2059,川湖科技,150000,3.64,2025-12-24
5274,信驊科技,75000,3.361,2025-12-24
2345,智邦科技,420000,3.269,2025-12-24
2408,南亞科技,2500000,3.091,2025-12-24
6274,台燿科技,900000,2.932,2025-12-24
6223,旺矽科技,180000,2.714,2025-12-24
3653,健策精密,148000,2.662,2025-12-24
8210,勤誠興業,420000,2.648,2025-12-24
1519,華城電機,510000,2.612,2025-12-24
6805,富世達股,250000,2.592,2025-12-24
6781,AES-KY,270000,2.269,2025-12-24
3324,雙鴻科技,220000,1.468,2025-12-24
2317,鴻海精密,650000,0.952,2025-12-24
3231,緯創資通,1000000,0.952,2025-12-24
6510,中華精測,60000,0.889,2025-12-24
2404,漢唐集成,140000,0.847,2025-12-24
2882,國泰金融,1300000,0.645,2025-12-24
2891,中國信託,1960000,0.645,2025-12-24
2885,元大金融,2450000,0.643,2025-12-24
2881,富邦金融,1000000,0.641,2025-12-24
3044,健鼎科技,190000,0.4,2025-12-24
3711,日月光投,250000,0.383,2025-12-24
2454,聯發科技,40000,0.361,2025-12-24
2449,京元電子,250000,0.358,2025-12-24
6515,穎崴科技,20000,0.345,2025-12-24
1605,華新麗華,1650000,0.342,2025-12-24
8358,金居開發,200000,0.341,2025-12-24
6442,光紅建聖,40000,0.339,2025-12-24
1303,南亞塑膠,850000,0.323,2025-12-24
1590,亞德客-KY,9000,0.056,2025-12-24
8464,億豐綜合,9000,0.022,2025-12-24
3661,世芯-KY,1000,0.021,2025-12-24
1477,聚陽實業,9000,0.017,2025-12-24
2382,廣達電腦,9000,0.016,2025-12-24
3443,創意電子,1000,0.013,2025-12-24
3037,欣興電子,9000,0.013,2025-12-24
2603,長榮海運,9000,0.011,2025-12-24
2301,光寶科技,9000,0.01,2025-12-24
2645,長榮航太,9000,0.009,2025-12-24
5347,世界先進,9000,0.006,2025-12-24
3036,文曄科技,1000,0.001,2025-12-24
2330,台灣積體,2000000,18.156,2025-12-26
8299,群聯電子,700000,5.513,2025-12-26
7769,鴻勁精密,250000,5.095,2025-12-26
6669,緯穎科技,180000,4.653,2025-12-26
3665,貿聯-KY,500000,4.644,2025-12-26
3017,奇鋐科技,500000,4.569,2025-12-26
2383,台光電子,440000,4.338,2025-12-26
2308,台達電子,750000,4.311,2025-12-26
2368,金像電子,900000,3.771,2025-12-26
2059,川湖科技,160000,3.549,2025-12-26
5274,信驊科技,85000,3.541,2025-12-26
2345,智邦科技,420000,3.068,2025-12-26
2408,南亞科技,2700000,3.068,2025-12-26
6274,台燿科技,900000,2.695,2025-12-26
6223,旺矽科技,180000,2.554,2025-12-26
8210,勤誠興業,420000,2.457,2025-12-26
3653,健策精密,148000,2.438,2025-12-26
6781,AES-KY,300000,2.435,2025-12-26
6805,富世達股,250000,2.412,2025-12-26
1519,華城電機,510000,2.407,2025-12-26
3324,雙鴻科技,290000,1.778,2025-12-26
1605,華新麗華,6000000,1.207,2025-12-26
2317,鴻海精密,650000,0.881,2025-12-26
3231,緯創資通,1000000,0.881,2025-12-26
6510,中華精測,60000,0.866,2025-12-26
2404,漢唐集成,140000,0.792,2025-12-26
6442,光紅建聖,100000,0.791,2025-12-26
2885,元大金融,2450000,0.589,2025-12-26
2891,中國信託,1960000,0.587,2025-12-26
2882,國泰金融,1300000,0.585,2025-12-26
2881,富邦金融,1000000,0.583,2025-12-26
3711,日月光投,250000,0.361,2025-12-26
6515,穎崴科技,20000,0.348,2025-12-26
2449,京元電子,250000,0.335,2025-12-26
8358,金居開發,200000,0.32,2025-12-26
1303,南亞塑膠,850000,0.294,2025-12-26
1590,亞德客-KY,9000,0.051,2025-12-26
8464,億豐綜合,9000,0.02,2025-12-26
3661,世芯-KY,1000,0.019,2025-12-26
3044,健鼎科技,9000,0.017,2025-12-26
1477,聚陽實業,9000,0.016,2025-12-26
2382,廣達電腦,9000,0.014,2025-12-26
3443,創意電子,1000,0.013,2025-12-26
3037,欣興電子,9000,0.012,2025-12-26
2603,長榮海運,9000,0.01,2025-12-26
2301,光寶科技,9000,0.009,2025-12-26
2454,聯發科技,1000,0.008,2025-12-26
2645,長榮航太,9000,0.008,2025-12-26
5347,世界先進,9000,0.005,2025-12-26
3036,文曄科技,1000,0.001,2025-12-26
2330,台灣積體,2000000,17.342,2025-12-29
8299,群聯電子,700000,5.316,2025-12-29
7769,鴻勁精密,250000,4.789,2025-12-29
6669,緯穎科技,190000,4.684,2025-12-29
3665,貿聯-KY,530000,4.521,2025-12-29
3017,奇鋐科技,500000,4.378,2025-12-29
2383,台光電子,440000,4.177,2025-12-29
2308,台達電子,750000,4.089,2025-12-29
2059,川湖科技,170000,3.627,2025-12-29
5274,信驊科技,90000,3.621,2025-12-29
2368,金像電子,900000,3.555,2025-12-29
2408,南亞科技,3000000,3.205,2025-12-29
2345,智邦科技,420000,2.892,2025-12-29
6274,台燿科技,900000,2.561,2025-12-29
8210,勤誠興業,450000,2.515,2025-12-29
6805,富世達股,270000,2.471,2025-12-29
6781,AES-KY,320000,2.43,2025-12-29
3653,健策精密,148000,2.286,2025-12-29
6223,旺矽科技,180000,2.275,2025-12-29
1519,華城電機,510000,2.249,2025-12-29
3324,雙鴻科技,290000,1.676,2025-12-29
2404,漢唐集成,320000,1.672,2025-12-29
1605,華新麗華,9000000,1.648,2025-12-29
2317,鴻海精密,650000,0.851,2025-12-29
3231,緯創資通,1000000,0.827,2025-12-29
6510,中華精測,60000,0.799,2025-12-29
6442,光紅建聖,100000,0.725,2025-12-29
1303,南亞塑膠,1700000,0.566,2025-12-29
2882,國泰金融,1300000,0.56,2025-12-29
2891,中國信託,1960000,0.56,2025-12-29
2881,富邦金融,1000000,0.557,2025-12-29
2885,元大金融,2450000,0.553,2025-12-29
3711,日月光投,250000,0.356,2025-12-29
2449,京元電子,250000,0.347,2025-12-29
6515,穎崴科技,20000,0.315,2025-12-29
8358,金居開發,200000,0.308,2025-12-29
1590,亞德客-KY,9000,0.048,2025-12-29
3661,世芯-KY,1000,0.019,2025-12-29
8464,億豐綜合,9000,0.019,2025-12-29
3044,健鼎科技,9000,0.016,2025-12-29
1477,聚陽實業,9000,0.015,2025-12-29
2382,廣達電腦,9000,0.013,2025-12-29
3443,創意電子,1000,0.012,2025-12-29
3037,欣興電子,9000,0.011,2025-12-29
2603,長榮海運,9000,0.01,2025-12-29
2301,光寶科技,9000,0.008,2025-12-29
2454,聯發科技,1000,0.008,2025-12-29
2645,長榮航太,9000,0.008,2025-12-29
5347,世界先進,9000,0.005,2025-12-29
3036,文曄科技,1000,0.001,2025-12-29
2330,台灣積體,2000000,17.195,2025-12-30
8299,群聯電子,700000,5.306,2025-12-30
7769,鴻勁精密,250000,4.85,2025-12-30
6669,緯穎科技,190000,4.723,2025-12-30
3665,貿聯-KY,530000,4.512,2025-12-30
3017,奇鋐科技,520000,4.5,2025-12-30
2383,台光電子,470000,4.373,2025-12-30
2308,台達電子,750000,4.077,2025-12-30
5274,信驊科技,90000,3.843,2025-12-30
2059,川湖科技,170000,3.64,2025-12-30
2368,金像電子,900000,3.523,2025-12-30
2408,南亞科技,3000000,3.3,2025-12-30
2345,智邦科技,420000,2.827,2025-12-30
6274,台燿科技,1000000,2.732,2025-12-30
8210,勤誠興業,480000,2.715,2025-12-30
6223,旺矽科技,200000,2.562,2025-12-30
3653,健策精密,160000,2.498,2025-12-30
6805,富世達股,270000,2.482,2025-12-30
6781,AES-KY,320000,2.471,2025-12-30
1519,華城電機,510000,2.23,2025-12-30
6442,光紅建聖,230000,1.789,2025-12-30
3324,雙鴻科技,290000,1.69,2025-12-30
2404,漢唐集成,320000,1.643,2025-12-30
1605,華新麗華,9000000,1.616,2025-12-30
1303,南亞塑膠,1700000,0.561,2025-12-30
2882,國泰金融,1300000,0.56,2025-12-30
2891,中國信託,1960000,0.557,2025-12-30
2885,元大金融,2450000,0.549,2025-12-30
2881,富邦金融,1000000,0.549,2025-12-30
3231,緯創資通,440000,0.366,2025-12-30
2317,鴻海精密,280000,0.361,2025-12-30
3711,日月光投,250000,0.352,2025-12-30
2449,京元電子,250000,0.344,2025-12-30
6510,中華精測,25000,0.332,2025-12-30
6515,穎崴科技,20000,0.325,2025-12-30
8358,金居開發,200000,0.307,2025-12-30
1590,亞德客-KY,9000,0.048,2025-12-30
3661,世芯-KY,1000,0.02,2025-12-30
8464,億豐綜合,9000,0.018,2025-12-30
3044,健鼎科技,9000,0.016,2025-12-30
1477,聚陽實業,9000,0.015,2025-12-30
2382,廣達電腦,9000,0.013,2025-12-30
3443,創意電子,1000,0.012,2025-12-30
3037,欣興電子,9000,0.011,2025-12-30
2603,長榮海運,9000,0.01,2025-12-30
2301,光寶科技,9000,0.008,2025-12-30
2454,聯發科技,1000,0.008,2025-12-30
2645,長榮航太,9000,0.007,2025-12-30
5347,世界先進,9000,0.005,2025-12-30
3036,文曄科技,1000,0.001,2025-12-30
2330,台灣積體,2000000,17.361,2025-12-31
8299,群聯電子,720000,5.847,2025-12-31
7769,鴻勁精密,250000,4.795,2025-12-31
6669,緯穎科技,190000,4.772,2025-12-31
3665,貿聯-KY,530000,4.512,2025-12-31
3017,奇鋐科技,520000,4.397,2025-12-31
2383,台光電子,470000,4.33,2025-12-31
2308,台達電子,750000,4.045,2025-12-31
5274,信驊科技,90000,3.659,2025-12-31
2059,川湖科技,170000,3.57,2025-12-31
2408,南亞科技,3300000,3.567,2025-12-31
2368,金像電子,900000,3.463,2025-12-31
2345,智邦科技,420000,2.787,2025-12-31
6274,台燿科技,1000000,2.767,2025-12-31
8210,勤誠興業,480000,2.702,2025-12-31
6223,旺矽科技,200000,2.52,2025-12-31
3653,健策精密,160000,2.46,2025-12-31
6805,富世達股,270000,2.457,2025-12-31
6781,AES-KY,320000,2.384,2025-12-31
1519,華城電機,510000,2.185,2025-12-31
6442,光紅建聖,230000,1.752,2025-12-31
1605,華新麗華,9600000,1.71,2025-12-31
2404,漢唐集成,320000,1.701,2025-12-31
3324,雙鴻科技,290000,1.64,2025-12-31
1303,南亞塑膠,1700000,0.573,2025-12-31
2882,國泰金融,1300000,0.552,2025-12-31
2891,中國信託,1960000,0.551,2025-12-31
2885,元大金融,2450000,0.539,2025-12-31
2881,富邦金融,1000000,0.538,2025-12-31
3231,緯創資通,440000,0.371,2025-12-31
2317,鴻海精密,280000,0.361,2025-12-31
3711,日月光投,250000,0.351,2025-12-31
2449,京元電子,250000,0.347,2025-12-31
6510,中華精測,25000,0.32,2025-12-31
6515,穎崴科技,20000,0.318,2025-12-31
8358,金居開發,200000,0.31,2025-12-31
1590,亞德客-KY,9000,0.047,2025-12-31
3661,世芯-KY,1000,0.02,2025-12-31
8464,億豐綜合,9000,0.018,2025-12-31
3044,健鼎科技,9000,0.016,2025-12-31
1477,聚陽實業,9000,0.015,2025-12-31
2382,廣達電腦,9000,0.014,2025-12-31
3443,創意電子,1000,0.012,2025-12-31
3037,欣興電子,9000,0.011,2025-12-31
2603,長榮海運,9000,0.01,2025-12-31
2301,光寶科技,9000,0.008,2025-12-31
2454,聯發科技,1000,0.008,2025-12-31
2645,長榮航太,9000,0.007,2025-12-31
5347,世界先進,9000,0.005,2025-12-31
3036,文曄科技,1000,0.001,2025-12-31
2330,台灣積體,2000000,17.588,2026-01-02
8299,群聯電子,720000,5.773,2026-01-02
7769,鴻勁精密,250000,4.758,2026-01-02
6669,緯穎科技,190000,4.723,2026-01-02
3665,貿聯-KY,530000,4.485,2026-01-02
3017,奇鋐科技,520000,4.198,2026-01-02
2383,台光電子,470000,4.146,2026-01-02
2308,台達電子,750000,4.141,2026-01-02
5274,信驊科技,100000,4.025,2026-01-02
2408,南亞科技,3500000,4.02,2026-01-02
2059,川湖科技,170000,3.264,2026-01-02
2368,金像電子,900000,3.211,2026-01-02
8210,勤誠興業,520000,2.752,2026-01-02
6274,台燿科技,1000000,2.672,2026-01-02
2345,智邦科技,420000,2.668,2026-01-02
6223,旺矽科技,200000,2.508,2026-01-02
6805,富世達股,290000,2.47,2026-01-02
6781,AES-KY,320000,2.308,2026-01-02
3653,健策精密,160000,2.299,2026-01-02
1519,華城電機,510000,2.105,2026-01-02
1605,華新麗華,10000000,1.825,2026-01-02
8358,金居開發,1100000,1.77,2026-01-02
6442,光紅建聖,230000,1.761,2026-01-02
2404,漢唐集成,320000,1.704,2026-01-02
3324,雙鴻科技,290000,1.609,2026-01-02
2891,中國信託,1960000,0.552,2026-01-02
2882,國泰金融,1300000,0.542,2026-01-02
2885,元大金融,2450000,0.539,2026-01-02
1303,南亞塑膠,1700000,0.538,2026-01-02
2881,富邦金融,1000000,0.53,2026-01-02
3231,緯創資通,440000,0.378,2026-01-02
2449,京元電子,250000,0.371,2026-01-02
2317,鴻海精密,280000,0.36,2026-01-02
3711,日月光投,250000,0.358,2026-01-02
6515,穎崴科技,20000,0.321,2026-01-02
6510,中華精測,25000,0.318,2026-01-02
1590,亞德客-KY,9000,0.048,2026-01-02
3661,世芯-KY,1000,0.02,2026-01-02
8464,億豐綜合,9000,0.018,2026-01-02
3044,健鼎科技,9000,0.016,2026-01-02
1477,聚陽實業,9000,0.014,2026-01-02
2382,廣達電腦,9000,0.014,2026-01-02
3443,創意電子,1000,0.012,2026-01-02
3037,欣興電子,9000,0.011,2026-01-02
2603,長榮海運,9000,0.01,2026-01-02
2301,光寶科技,9000,0.008,2026-01-02
2454,聯發科技,1000,0.008,2026-01-02
2645,長榮航太,9000,0.007,2026-01-02
5347,世界先進,9000,0.005,2026-01-02
3036,文曄科技,1000,0.001,2026-01-02
2330,台灣積體,2000000,18.41,2026-01-05
8299,群聯電子,750000,6.077,2026-01-05
6669,緯穎科技,190000,4.755,2026-01-05
7769,鴻勁精密,250000,4.602,2026-01-05
3665,貿聯-KY,530000,4.601,2026-01-05
2383,台光電子,470000,4.197,2026-01-05
2308,台達電子,750000,4.175,2026-01-05
3017,奇鋐科技,520000,4.156,2026-01-05
2408,南亞科技,3500000,4.013,2026-01-05
5274,信驊科技,100000,3.916,2026-01-05
2368,金像電子,900000,3.145,2026-01-05
2059,川湖科技,170000,3.003,2026-01-05
2345,智邦科技,420000,2.743,2026-01-05
8210,勤誠興業,520000,2.743,2026-01-05
6274,台燿科技,1000000,2.618,2026-01-05
6805,富世達股,290000,2.382,2026-01-05
6223,旺矽科技,200000,2.37,2026-01-05
3653,健策精密,160000,2.284,2026-01-05
6781,AES-KY,320000,2.275,2026-01-05
1519,華城電機,510000,2.072,2026-01-05
1605,華新麗華,11000000,2.037,2026-01-05
2404,漢唐集成,350000,1.914,2026-01-05
8358,金居開發,1200000,1.806,2026-01-05
6442,光紅建聖,230000,1.68,2026-01-05
3324,雙鴻科技,290000,1.606,2026-01-05
2882,國泰金融,1300000,0.548,2026-01-05
2891,中國信託,1960000,0.539,2026-01-05
2881,富邦金融,1000000,0.536,2026-01-05
2885,元大金融,2450000,0.531,2026-01-05
1303,南亞塑膠,1700000,0.521,2026-01-05
3231,緯創資通,440000,0.376,2026-01-05
3711,日月光投,250000,0.363,2026-01-05
2449,京元電子,250000,0.362,2026-01-05
2317,鴻海精密,280000,0.362,2026-01-05
6515,穎崴科技,20000,0.337,2026-01-05
6510,中華精測,25000,0.31,2026-01-05
1590,亞德客-KY,9000,0.048,2026-01-05
3661,世芯-KY,1000,0.02,2026-01-05
8464,億豐綜合,9000,0.018,2026-01-05
3044,健鼎科技,9000,0.015,2026-01-05
1477,聚陽實業,9000,0.014,2026-01-05
2382,廣達電腦,9000,0.014,2026-01-05
3443,創意電子,1000,0.013,2026-01-05
3037,欣興電子,9000,0.011,2026-01-05
2603,長榮海運,9000,0.009,2026-01-05
2454,聯發科技,1000,0.008,2026-01-05
2301,光寶科技,9000,0.008,2026-01-05
2645,長榮航太,9000,0.007,2026-01-05
5347,世界先進,9000,0.005,2026-01-05
3036,文曄科技,1000,0.001,2026-01-05
2330,台灣積體,2000000,18.422,2026-01-06
8299,群聯電子,770000,6.718,2026-01-06
6669,緯穎科技,190000,4.737,2026-01-06
7769,鴻勁精密,260000,4.579,2026-01-06
2383,台光電子,500000,4.579,2026-01-06
2408,南亞科技,3700000,4.568,2026-01-06
3665,貿聯-KY,530000,4.51,2026-01-06
2308,台達電子,750000,4.254,2026-01-06
3017,奇鋐科技,520000,4.003,2026-01-06
5274,信驊科技,100000,3.89,2026-01-06
2368,金像電子,900000,3.219,2026-01-06
2059,川湖科技,170000,2.944,2026-01-06
2345,智邦科技,420000,2.814,2026-01-06
8210,勤誠興業,520000,2.781,2026-01-06
6274,台燿科技,1000000,2.572,2026-01-06
6223,旺矽科技,200000,2.323,2026-01-06
6805,富世達股,290000,2.303,2026-01-06
6781,AES-KY,320000,2.282,2026-01-06
3653,健策精密,160000,2.282,2026-01-06
1605,華新麗華,11000000,2.142,2026-01-06
1519,華城電機,510000,2.036,2026-01-06
2404,漢唐集成,350000,1.929,2026-01-06
8358,金居開發,1200000,1.767,2026-01-06
6442,光紅建聖,230000,1.615,2026-01-06
1303,南亞塑膠,1700000,0.541,2026-01-06
2885,元大金融,2450000,0.535,2026-01-06
2882,國泰金融,1300000,0.534,2026-01-06
2891,中國信託,1960000,0.528,2026-01-06
2881,富邦金融,1000000,0.521,2026-01-06
3231,緯創資通,440000,0.367,2026-01-06
3711,日月光投,250000,0.367,2026-01-06
2449,京元電子,250000,0.361,2026-01-06
2317,鴻海精密,280000,0.357,2026-01-06
6515,穎崴科技,20000,0.338,2026-01-06
6510,中華精測,25000,0.315,2026-01-06
3324,雙鴻科技,9000,0.049,2026-01-06
1590,亞德客-KY,9000,0.047,2026-01-06
3661,世芯-KY,1000,0.02,2026-01-06
8464,億豐綜合,9000,0.018,2026-01-06
3044,健鼎科技,9000,0.015,2026-01-06
1477,聚陽實業,9000,0.014,2026-01-06
2382,廣達電腦,9000,0.014,2026-01-06
3443,創意電子,1000,0.013,2026-01-06
3037,欣興電子,9000,0.011,2026-01-06
2603,長榮海運,9000,0.009,2026-01-06
2301,光寶科技,9000,0.008,2026-01-06
2454,聯發科技,1000,0.008,2026-01-06
2645,長榮航太,9000,0.007,2026-01-06
5347,世界先進,9000,0.005,2026-01-06
3036,文曄科技,1000,0.001,2026-01-06
2330,台灣積體,2000000,18.251,2026-01-07
8299,群聯電子,770000,7.027,2026-01-07
2408,南亞科技,4000000,5.252,2026-01-07
6669,緯穎科技,190000,4.834,2026-01-07
7769,鴻勁精密,260000,4.703,2026-01-07
2383,台光電子,500000,4.304,2026-01-07
2308,台達電子,750000,4.209,2026-01-07
3665,貿聯-KY,530000,4.129,2026-01-07
5274,信驊科技,100000,4.021,2026-01-07
3017,奇鋐科技,520000,3.895,2026-01-07
2059,川湖科技,170000,3.015,2026-01-07
2368,金像電子,830000,2.908,2026-01-07
8210,勤誠興業,520000,2.762,2026-01-07
2345,智邦科技,420000,2.757,2026-01-07
1605,華新麗華,12000000,2.592,2026-01-07
6274,台燿科技,1000000,2.533,2026-01-07
6223,旺矽科技,200000,2.348,2026-01-07
6805,富世達股,290000,2.22,2026-01-07
6781,AES-KY,320000,2.214,2026-01-07
3653,健策精密,160000,2.166,2026-01-07
1519,華城電機,510000,2.098,2026-01-07
2404,漢唐集成,350000,1.907,2026-01-07
8358,金居開發,1200000,1.739,2026-01-07
6442,光紅建聖,230000,1.623,2026-01-07
1303,南亞塑膠,1700000,0.599,2026-01-07
2885,元大金融,2450000,0.537,2026-01-07
2882,國泰金融,1300000,0.535,2026-01-07
2891,中國信託,1960000,0.527,2026-01-07
2881,富邦金融,1000000,0.524,2026-01-07
3231,緯創資通,440000,0.38,2026-01-07
3711,日月光投,250000,0.375,2026-01-07
2317,鴻海精密,280000,0.364,2026-01-07
2449,京元電子,250000,0.363,2026-01-07
6515,穎崴科技,20000,0.36,2026-01-07
6510,中華精測,25000,0.317,2026-01-07
1590,亞德客-KY,9000,0.048,2026-01-07
3324,雙鴻科技,9000,0.048,2026-01-07
3661,世芯-KY,1000,0.02,2026-01-07
8464,億豐綜合,9000,0.018,2026-01-07
3044,健鼎科技,9000,0.016,2026-01-07
1477,聚陽實業,9000,0.015,2026-01-07
2382,廣達電腦,9000,0.014,2026-01-07
3443,創意電子,1000,0.014,2026-01-07
3037,欣興電子,9000,0.011,2026-01-07
2603,長榮海運,9000,0.01,2026-01-07
2454,聯發科技,1000,0.008,2026-01-07
2301,光寶科技,9000,0.008,2026-01-07
2645,長榮航太,9000,0.007,2026-01-07
5347,世界先進,9000,0.005,2026-01-07
3036,文曄科技,1000,0.001,2026-01-07
2330,台灣積體,2000000,18.489,2026-01-08
8299,群聯電子,770000,7.182,2026-01-08
2408,南亞科技,4200000,5.565,2026-01-08
6669,緯穎科技,190000,4.847,2026-01-08
7769,鴻勁精密,260000,4.465,2026-01-08
2383,台光電子,500000,4.238,2026-01-08
5274,信驊科技,100000,4.197,2026-01-08
2308,台達電子,750000,4.156,2026-01-08
3665,貿聯-KY,530000,4.1,2026-01-08
3017,奇鋐科技,520000,3.866,2026-01-08
2345,智邦科技,420000,2.915,2026-01-08
2368,金像電子,830000,2.878,2026-01-08
1605,華新麗華,13000000,2.732,2026-01-08
8210,勤誠興業,520000,2.628,2026-01-08
6274,台燿科技,1000000,2.562,2026-01-08
6223,旺矽科技,200000,2.326,2026-01-08
2059,川湖科技,130000,2.25,2026-01-08
6781,AES-KY,320000,2.212,2026-01-08
6805,富世達股,290000,2.172,2026-01-08
3653,健策精密,160000,2.146,2026-01-08
1519,華城電機,510000,2.057,2026-01-08
2404,漢唐集成,350000,1.939,2026-01-08
6442,光紅建聖,250000,1.824,2026-01-08
8358,金居開發,1200000,1.679,2026-01-08
1303,南亞塑膠,1700000,0.625,2026-01-08
2885,元大金融,2450000,0.552,2026-01-08
2882,國泰金融,1300000,0.545,2026-01-08
2881,富邦金融,1000000,0.532,2026-01-08
2891,中國信託,1960000,0.531,2026-01-08
3711,日月光投,250000,0.375,2026-01-08
2449,京元電子,250000,0.361,2026-01-08
6515,穎崴科技,20000,0.348,2026-01-08
6510,中華精測,25000,0.3,2026-01-08
1590,亞德客-KY,9000,0.048,2026-01-08
3324,雙鴻科技,9000,0.047,2026-01-08
3661,世芯-KY,1000,0.02,2026-01-08
8464,億豐綜合,9000,0.019,2026-01-08
3044,健鼎科技,9000,0.016,2026-01-08
1477,聚陽實業,9000,0.015,2026-01-08
2382,廣達電腦,9000,0.013,2026-01-08
3443,創意電子,1000,0.013,2026-01-08
2317,鴻海精密,9000,0.011,2026-01-08
3037,欣興電子,9000,0.011,2026-01-08
2603,長榮海運,9000,0.01,2026-01-08
2454,聯發科技,1000,0.008,2026-01-08
2301,光寶科技,9000,0.008,2026-01-08
2645,長榮航太,9000,0.007,2026-01-08
3231,緯創資通,9000,0.007,2026-01-08
5347,世界先進,9000,0.005,2026-01-08
3036,文曄科技,1000,0.001,2026-01-08
2330,台灣積體,2000000,18.553,2026-01-09
8299,群聯電子,770000,6.93,2026-01-09
2308,台達電子,900000,5.044,2026-01-09
2408,南亞科技,4200000,5.044,2026-01-09
7769,鴻勁精密,260000,4.73,2026-01-09
2383,台光電子,500000,4.321,2026-01-09
5274,信驊科技,100000,4.232,2026-01-09
3665,貿聯-KY,530000,4.17,2026-01-09
3017,奇鋐科技,520000,3.948,2026-01-09
6669,緯穎科技,150000,3.512,2026-01-09
2368,金像電子,830000,2.919,2026-01-09
1605,華新麗華,14000000,2.907,2026-01-09
2345,智邦科技,420000,2.818,2026-01-09
8210,勤誠興業,520000,2.613,2026-01-09
6274,台燿科技,1000000,2.573,2026-01-09
6223,旺矽科技,200000,2.463,2026-01-09
2059,川湖科技,130000,2.38,2026-01-09
3653,健策精密,160000,2.266,2026-01-09
6781,AES-KY,320000,2.244,2026-01-09
1519,華城電機,510000,2.213,2026-01-09
6805,富世達股,290000,2.186,2026-01-09
6442,光紅建聖,250000,1.933,2026-01-09
2404,漢唐集成,350000,1.921,2026-01-09
8358,金居開發,1200000,1.713,2026-01-09
1303,南亞塑膠,3400000,1.162,2026-01-09
6515,穎崴科技,20000,0.385,2026-01-09
2891,中國信託,1400000,0.384,2026-01-09
2885,元大金融,1700000,0.383,2026-01-09
2882,國泰金融,900000,0.377,2026-01-09
3711,日月光投,250000,0.375,2026-01-09
2881,富邦金融,700000,0.369,2026-01-09
2449,京元電子,250000,0.364,2026-01-09
6510,中華精測,25000,0.302,2026-01-09
1590,亞德客-KY,9000,0.05,2026-01-09
3324,雙鴻科技,9000,0.048,2026-01-09
3661,世芯-KY,1000,0.02,2026-01-09
8464,億豐綜合,9000,0.019,2026-01-09
3044,健鼎科技,9000,0.016,2026-01-09
1477,聚陽實業,9000,0.016,2026-01-09
2382,廣達電腦,9000,0.014,2026-01-09
3443,創意電子,1000,0.013,2026-01-09
2317,鴻海精密,9000,0.011,2026-01-09
3037,欣興電子,9000,0.011,2026-01-09
2603,長榮海運,9000,0.01,2026-01-09
2301,光寶科技,9000,0.008,2026-01-09
2454,聯發科技,1000,0.008,2026-01-09
3231,緯創資通,9000,0.007,2026-01-09
2645,長榮航太,9000,0.007,2026-01-09
5347,世界先進,9000,0.005,2026-01-09
3036,文曄科技,1000,0.001,2026-01-09
2330,台灣積體,2000000,18.77,2026-01-12
8299,群聯電子,770000,7.59,2026-01-12
2408,南亞科技,4200000,5.574,2026-01-12
2308,台達電子,900000,5.273,2026-01-12
7769,鴻勁精密,270000,5.165,2026-01-12
5274,信驊科技,100000,4.473,2026-01-12
2383,台光電子,500000,4.47,2026-01-12
3665,貿聯-KY,530000,4.106,2026-01-12
3017,奇鋐科技,520000,3.913,2026-01-12
1605,華新麗華,14000000,3.075,2026-01-12
2368,金像電子,830000,3.07,2026-01-12
6669,緯穎科技,130000,2.956,2026-01-12
2345,智邦科技,420000,2.811,2026-01-12
6274,台燿科技,1000000,2.641,2026-01-12
8210,勤誠興業,520000,2.631,2026-01-12
6223,旺矽科技,200000,2.443,2026-01-12
2059,川湖科技,130000,2.429,2026-01-12
1519,華城電機,510000,2.314,2026-01-12
6781,AES-KY,320000,2.31,2026-01-12
3653,健策精密,160000,2.252,2026-01-12
2404,漢唐集成,400000,2.181,2026-01-12
6442,光紅建聖,250000,1.964,2026-01-12
1303,南亞塑膠,5000000,1.797,2026-01-12
8358,金居開發,1200000,1.706,2026-01-12
6805,富世達股,230000,1.699,2026-01-12
3711,日月光投,250000,0.393,2026-01-12
2449,京元電子,250000,0.375,2026-01-12
1590,亞德客-KY,9000,0.048,2026-01-12
3324,雙鴻科技,9000,0.048,2026-01-12
3661,世芯-KY,1000,0.02,2026-01-12
8464,億豐綜合,9000,0.02,2026-01-12
6515,穎崴科技,1000,0.019,2026-01-12
3044,健鼎科技,9000,0.016,2026-01-12
1477,聚陽實業,9000,0.016,2026-01-12
2382,廣達電腦,9000,0.014,2026-01-12
3443,創意電子,1000,0.014,2026-01-12
3037,欣興電子,9000,0.012,2026-01-12
6510,中華精測,1000,0.012,2026-01-12
2317,鴻海精密,9000,0.011,2026-01-12
2603,長榮海運,9000,0.01,2026-01-12
2301,光寶科技,9000,0.008,2026-01-12
2454,聯發科技,1000,0.008,2026-01-12
2645,長榮航太,9000,0.007,2026-01-12
3231,緯創資通,9000,0.007,2026-01-12
5347,世界先進,9000,0.006,2026-01-12
2881,富邦金融,9000,0.005,2026-01-12
2882,國泰金融,9000,0.004,2026-01-12
2891,中國信託,9000,0.002,2026-01-12
2885,元大金融,9000,0.002,2026-01-12
3036,文曄科技,1000,0.001,2026-01-12
2330,台灣積體,2000000,19.214,2026-01-13
8299,群聯電子,770000,7.657,2026-01-13
2408,南亞科技,4200000,5.427,2026-01-13
7769,鴻勁精密,270000,5.249,2026-01-13
2308,台達電子,900000,5.208,2026-01-13
2383,台光電子,500000,4.593,2026-01-13
5274,信驊科技,100000,4.497,2026-01-13
3665,貿聯-KY,530000,4.228,2026-01-13
3017,奇鋐科技,520000,3.929,2026-01-13
1605,華新麗華,14000000,3.264,2026-01-13
2368,金像電子,830000,3.054,2026-01-13
6669,緯穎科技,130000,2.848,2026-01-13
2345,智邦科技,420000,2.784,2026-01-13
8210,勤誠興業,520000,2.781,2026-01-13
6274,台燿科技,1000000,2.691,2026-01-13
6223,旺矽科技,200000,2.556,2026-01-13
2404,漢唐集成,400000,2.427,2026-01-13
2059,川湖科技,130000,2.414,2026-01-13
1519,華城電機,510000,2.327,2026-01-13
6781,AES-KY,320000,2.238,2026-01-13
3653,健策精密,160000,2.148,2026-01-13
6442,光紅建聖,250000,1.882,2026-01-13
1303,南亞塑膠,5000000,1.747,2026-01-13
8358,金居開發,1200000,1.706,2026-01-13
3711,日月光投,250000,0.407,2026-01-13
2449,京元電子,250000,0.38,2026-01-13
1590,亞德客-KY,9000,0.05,2026-01-13
3324,雙鴻科技,9000,0.048,2026-01-13
3661,世芯-KY,1000,0.021,2026-01-13
8464,億豐綜合,9000,0.02,2026-01-13
6515,穎崴科技,1000,0.019,2026-01-13
3044,健鼎科技,9000,0.016,2026-01-13
1477,聚陽實業,9000,0.016,2026-01-13
2382,廣達電腦,9000,0.014,2026-01-13
3443,創意電子,1000,0.014,2026-01-13
3037,欣興電子,9000,0.013,2026-01-13
6510,中華精測,1000,0.013,2026-01-13
2317,鴻海精密,9000,0.011,2026-01-13
2603,長榮海運,9000,0.01,2026-01-13
2454,聯發科技,1000,0.008,2026-01-13
2301,光寶科技,9000,0.008,2026-01-13
2645,長榮航太,9000,0.008,2026-01-13
3231,緯創資通,9000,0.007,2026-01-13
6805,富世達股,1000,0.007,2026-01-13
5347,世界先進,9000,0.006,2026-01-13
2881,富邦金融,9000,0.005,2026-01-13
2882,國泰金融,9000,0.004,2026-01-13
2891,中國信託,9000,0.003,2026-01-13
2885,元大金融,9000,0.002,2026-01-13
3036,文曄科技,1000,0.001,2026-01-13
2330,台灣積體,2000000,19.041,2026-01-14
8299,群聯電子,770000,7.609,2026-01-14
2408,南亞科技,4200000,5.53,2026-01-14
2308,台達電子,900000,5.311,2026-01-14
7769,鴻勁精密,270000,5.269,2026-01-14
2383,台光電子,500000,4.649,2026-01-14
5274,信驊科技,100000,4.501,2026-01-14
3665,貿聯-KY,530000,4.411,2026-01-14
3017,奇鋐科技,520000,4.111,2026-01-14
1605,華新麗華,14000000,3.188,2026-01-14
2368,金像電子,830000,3.133,2026-01-14
6669,緯穎科技,130000,2.866,2026-01-14
2345,智邦科技,420000,2.841,2026-01-14
8210,勤誠興業,520000,2.834,2026-01-14
6274,台燿科技,1000000,2.7,2026-01-14
6223,旺矽科技,200000,2.611,2026-01-14
2404,漢唐集成,400000,2.561,2026-01-14
1519,華城電機,510000,2.536,2026-01-14
2059,川湖科技,130000,2.421,2026-01-14
3653,健策精密,160000,2.182,2026-01-14
6442,光紅建聖,250000,1.893,2026-01-14
1303,南亞塑膠,5000000,1.765,2026-01-14
8358,金居開發,1200000,1.744,2026-01-14
6781,AES-KY,250000,1.677,2026-01-14
3711,日月光投,250000,0.41,2026-01-14
2449,京元電子,250000,0.377,2026-01-14
1590,亞德客-KY,9000,0.05,2026-01-14
3324,雙鴻科技,9000,0.05,2026-01-14
8464,億豐綜合,9000,0.02,2026-01-14
6515,穎崴科技,1000,0.019,2026-01-14
3661,世芯-KY,1000,0.019,2026-01-14
1477,聚陽實業,9000,0.016,2026-01-14
3044,健鼎科技,9000,0.016,2026-01-14
2382,廣達電腦,9000,0.014,2026-01-14
3443,創意電子,1000,0.013,2026-01-14
6510,中華精測,1000,0.013,2026-01-14
3037,欣興電子,9000,0.013,2026-01-14
2317,鴻海精密,9000,0.012,2026-01-14
2603,長榮海運,9000,0.01,2026-01-14
2454,聯發科技,1000,0.008,2026-01-14
2301,光寶科技,9000,0.008,2026-01-14
2645,長榮航太,9000,0.008,2026-01-14
3231,緯創資通,9000,0.007,2026-01-14
6805,富世達股,1000,0.007,2026-01-14
5347,世界先進,9000,0.006,2026-01-14
2881,富邦金融,9000,0.005,2026-01-14
2882,國泰金融,9000,0.004,2026-01-14
2891,中國信託,9000,0.002,2026-01-14
2885,元大金融,9000,0.002,2026-01-14
3036,文曄科技,1000,0.001,2026-01-14
2330,台灣積體,2000000,18.861,2026-01-15
8299,群聯電子,770000,7.713,2026-01-15
2408,南亞科技,4200000,5.566,2026-01-15
2308,台達電子,900000,5.248,2026-01-15
7769,鴻勁精密,270000,5.221,2026-01-15
5274,信驊科技,100000,4.886,2026-01-15
2383,台光電子,500000,4.381,2026-01-15
3665,貿聯-KY,530000,4.348,2026-01-15
3017,奇鋐科技,520000,4.004,2026-01-15
1605,華新麗華,14000000,3.461,2026-01-15
2368,金像電子,830000,3.094,2026-01-15
2345,智邦科技,420000,2.906,2026-01-15
6669,緯穎科技,130000,2.862,2026-01-15
8210,勤誠興業,520000,2.707,2026-01-15
6274,台燿科技,1000000,2.684,2026-01-15
1519,華城電機,510000,2.581,2026-01-15
2404,漢唐集成,400000,2.567,2026-01-15
6223,旺矽科技,200000,2.489,2026-01-15
2059,川湖科技,130000,2.466,2026-01-15
3653,健策精密,160000,2.125,2026-01-15
6442,光紅建聖,285000,2.099,2026-01-15
1303,南亞塑膠,5000000,1.945,2026-01-15
8358,金居開發,1200000,1.795,2026-01-15
3711,日月光投,250000,0.416,2026-01-15
2449,京元電子,250000,0.373,2026-01-15
1590,亞德客-KY,9000,0.051,2026-01-15
3324,雙鴻科技,9000,0.049,2026-01-15
8464,億豐綜合,9000,0.021,2026-01-15
6515,穎崴科技,1000,0.019,2026-01-15
3661,世芯-KY,1000,0.019,2026-01-15
1477,聚陽實業,9000,0.017,2026-01-15
3044,健鼎科技,9000,0.016,2026-01-15
2382,廣達電腦,9000,0.014,2026-01-15
3443,創意電子,1000,0.014,2026-01-15
6510,中華精測,1000,0.013,2026-01-15
3037,欣興電子,9000,0.013,2026-01-15
2317,鴻海精密,9000,0.012,2026-01-15
2603,長榮海運,9000,0.01,2026-01-15
2454,聯發科技,1000,0.008,2026-01-15
2301,光寶科技,9000,0.008,2026-01-15
2645,長榮航太,9000,0.008,2026-01-15
3231,緯創資通,9000,0.007,2026-01-15
6805,富世達股,1000,0.007,2026-01-15
6781,AES-KY,1000,0.007,2026-01-15
5347,世界先進,9000,0.006,2026-01-15
2881,富邦金融,9000,0.005,2026-01-15
2882,國泰金融,9000,0.004,2026-01-15
2891,中國信託,9000,0.003,2026-01-15
2885,元大金融,9000,0.002,2026-01-15
3036,文曄科技,1000,0.001,2026-01-15
2330,台灣積體,2100000,20.288,2026-01-16
8299,群聯電子,770000,8.08,2026-01-16
2408,南亞科技,4200000,5.83,2026-01-16
2308,台達電子,900000,5.622,2026-01-16
7769,鴻勁精密,270000,5.292,2026-01-16
5274,信驊科技,100000,4.83,2026-01-16
2383,台光電子,500000,4.511,2026-01-16
3665,貿聯-KY,530000,4.12,2026-01-16
1605,華新麗華,14000000,3.339,2026-01-16
2368,金像電子,830000,3.12,2026-01-16
3017,奇鋐科技,400000,3.02,2026-01-16
2345,智邦科技,420000,2.868,2026-01-16
6223,旺矽科技,220000,2.809,2026-01-16
6669,緯穎科技,130000,2.761,2026-01-16
1519,華城電機,510000,2.733,2026-01-16
6274,台燿科技,1000000,2.732,2026-01-16
8210,勤誠興業,520000,2.679,2026-01-16
2404,漢唐集成,420000,2.565,2026-01-16
2059,川湖科技,130000,2.461,2026-01-16
3653,健策精密,160000,2.141,2026-01-16
1303,南亞塑膠,5000000,2.049,2026-01-16
6442,光紅建聖,285000,1.986,2026-01-16
8358,金居開發,1200000,1.812,2026-01-16
3711,日月光投,250000,0.421,2026-01-16
2449,京元電子,250000,0.38,2026-01-16
1590,亞德客-KY,9000,0.051,2026-01-16
3324,雙鴻科技,9000,0.048,2026-01-16
8464,億豐綜合,9000,0.021,2026-01-16
6515,穎崴科技,1000,0.02,2026-01-16
3661,世芯-KY,1000,0.019,2026-01-16
1477,聚陽實業,9000,0.016,2026-01-16
3044,健鼎科技,9000,0.016,2026-01-16
2382,廣達電腦,9000,0.014,2026-01-16
3443,創意電子,1000,0.014,2026-01-16
3037,欣興電子,9000,0.014,2026-01-16
6510,中華精測,1000,0.013,2026-01-16
2317,鴻海精密,9000,0.012,2026-01-16
2603,長榮海運,9000,0.009,2026-01-16
2454,聯發科技,1000,0.008,2026-01-16
2301,光寶科技,9000,0.008,2026-01-16
2645,長榮航太,9000,0.008,2026-01-16
6805,富世達股,1000,0.007,2026-01-16
3231,緯創資通,9000,0.007,2026-01-16
5347,世界先進,9000,0.007,2026-01-16
6781,AES-KY,1000,0.007,2026-01-16
2881,富邦金融,9000,0.005,2026-01-16
2882,國泰金融,9000,0.004,2026-01-16
2891,中國信託,9000,0.003,2026-01-16
2885,元大金融,9000,0.002,2026-01-16
3036,文曄科技,1000,0.001,2026-01-16
2330,台灣積體,2100000,20.352,2026-01-19
8299,群聯電子,770000,8.395,2026-01-19
2408,南亞科技,4200000,6.36,2026-01-19
2308,台達電子,900000,5.551,2026-01-19
7769,鴻勁精密,270000,5.204,2026-01-19
5274,信驊科技,100000,4.832,2026-01-19
2383,台光電子,500000,4.35,2026-01-19
3665,貿聯-KY,530000,3.838,2026-01-19
1605,華新麗華,14000000,3.242,2026-01-19
2368,金像電子,830000,2.852,2026-01-19
6223,旺矽科技,220000,2.804,2026-01-19
1519,華城電機,510000,2.704,2026-01-19
2345,智邦科技,420000,2.694,2026-01-19
2404,漢唐集成,440000,2.653,2026-01-19
6274,台燿科技,1000000,2.591,2026-01-19
8210,勤誠興業,520000,2.586,2026-01-19
6669,緯穎科技,120000,2.458,2026-01-19
3017,奇鋐科技,340000,2.396,2026-01-19
2059,川湖科技,130000,2.369,2026-01-19
1303,南亞塑膠,5000000,2.186,2026-01-19
6442,光紅建聖,285000,1.938,2026-01-19
3653,健策精密,140000,1.873,2026-01-19
8358,金居開發,1200000,1.834,2026-01-19
3711,日月光投,250000,0.412,2026-01-19
2449,京元電子,250000,0.374,2026-01-19
1590,亞德客-KY,9000,0.05,2026-01-19
8464,億豐綜合,9000,0.021,2026-01-19
6515,穎崴科技,1000,0.019,2026-01-19
3661,世芯-KY,1000,0.019,2026-01-19
1477,聚陽實業,9000,0.016,2026-01-19
3044,健鼎科技,9000,0.015,2026-01-19
3037,欣興電子,9000,0.015,2026-01-19
3443,創意電子,1000,0.015,2026-01-19
2382,廣達電腦,9000,0.014,2026-01-19
6510,中華精測,1000,0.014,2026-01-19
2317,鴻海精密,9000,0.011,2026-01-19
2603,長榮海運,9000,0.009,2026-01-19
2454,聯發科技,1000,0.008,2026-01-19
2301,光寶科技,9000,0.008,2026-01-19
2645,長榮航太,9000,0.008,2026-01-19
6805,富世達股,1000,0.007,2026-01-19
5347,世界先進,9000,0.007,2026-01-19
3231,緯創資通,9000,0.007,2026-01-19
6781,AES-KY,1000,0.007,2026-01-19
3324,雙鴻科技,1000,0.005,2026-01-19
2881,富邦金融,9000,0.005,2026-01-19
2882,國泰金融,9000,0.004,2026-01-19
2891,中國信託,9000,0.003,2026-01-19
2885,元大金融,9000,0.002,2026-01-19
3036,文曄科技,1000,0.001,2026-01-19
