代號,名稱,市場,股價日期,K線,成交,漲跌價,漲跌幅,成交張數,成交額(百萬),昨收,開盤,最高,最低,振幅(%),PER,PBR,1個月走勢圖,3個月走勢圖,1年走勢圖,3年走勢圖,10年走勢圖
0050,元大台灣50,市,,,81.15,0.05,+0.06,133517,10841,81.1,81.25,81.5,80.8,0.86,,1.0026,,,,,
0052,富邦科技,市,,,48.42,0.04,+0.08,62413,3020,48.38,48.5,48.58,48.1,0.99,,1.0058,,,,,
0056,元大高股息,市,,,40.29,0.24,+0.6,58493,2350,40.05,40.05,40.36,39.95,1.02,,0.9953,,,,,
0061,元大寶滬深,市,,,23.81,-0.06,-0.25,271,6.45,23.87,23.82,23.95,23.74,0.88,,0.9937,,,,,
006201,元大富櫃50,櫃,,,31.43,0.23,+0.74,173,5.43,31.2,31.2,31.65,31.05,1.92,,0.9978,,,,,
006206,元大上證50,市,,,37.66,-0.32,-0.84,81,3.07,37.98,37.99,38.1,37.51,1.55,,0.9937,,,,,
006208,富邦台50,市,,,188,0.25,+0.13,4278,804,187.75,187.8,188.95,187.05,1.01,,1.0002,,,,,
00631L,元大台灣50正2,市,,,537.85,3.95,+0.74,4571,2449,533.9,534.95,541.5,529,2.34,,1.0026,,,,,
00634R,富邦上証反1,市,,,3.29,0.03,+0.92,106,0.35,3.26,3.26,3.3,3.26,1.23,,0.997,,,,,
00635U,期元大S&P黃金,市,,,55,0.05,+0.09,5947,326,54.95,55,55,54.75,0.45,,1.0038,,,,,
00638R,元大滬深300反1,市,,,7.1,0.13,+1.87,134,0.95,6.97,7.03,7.1,7.03,1.0,,0.9986,,,,,
00639,富邦深100,市,,,15.7,0.02,+0.13,948,14.9,15.68,15.67,15.73,15.61,0.77,,0.9943,,,,,
00640L,富邦日本正2,市,,,99.45,0.95,+0.96,651,65,98.5,99.75,100.3,99.35,0.96,,0.9975,,,,,
00641R,富邦日本反1,市,,,4,-0.02,-0.5,1219,4.86,4.02,4,4,3.98,0.5,,1,,,,,
00643,群益深証中小,市,,,18.47,0.15,+0.82,3470,64,18.32,18.38,18.5,18.28,1.2,,0.9941,,,,,
00647L,元大S&P500正2,市,,,117.05,1.2,+1.04,60,6.98,115.85,117.15,117.2,116.9,0.26,,0.9978,,,,,
00650L,復華香港正2,市,,,18.38,-0.32,-1.71,5123,95.5,18.7,18.82,19.08,18.37,3.8,,1.0155,,,,,
00652,富邦印度,市,,,36.31,-0.13,-0.36,406,14.7,36.44,36.44,36.44,36.24,0.55,,1.0019,,,,,
00653L,富邦印度正2,市,,,54.4,-0.5,-0.91,158,8.61,54.9,54.85,54.85,54.3,1.0,,1.0035,,,,,
00654R,富邦印度反1,市,,,6.39,0.02,+0.31,27,0.17,6.37,6.38,6.39,6.38,0.16,,0.9938,,,,,
00656R,國泰中國A50反1,市,,,6.27,0.08,+1.29,374,2.34,6.19,6.19,6.27,6.19,1.29,,0.9952,,,,,
00662,富邦NASDAQ,市,,,101.35,0.75,+0.75,3843,390,100.6,101.5,101.65,101.2,0.45,,0.9982,,,,,
00665L,富邦恒生國企正2,市,,,10.48,-0.39,-3.59,43001,456,10.87,10.9,10.96,10.47,4.51,,1.0244,,,,,
00666R,富邦恒生國企反1,市,,,8.85,0.17,+1.96,147,1.3,8.68,8.74,8.85,8.74,1.27,,0.9812,,,,,
00668,國泰美國道瓊,市,,,56.25,0.1,+0.18,53,2.97,56.15,56.25,56.3,56.2,0.18,,0.9977,,,,,
00670L,富邦NASDAQ正2,市,,,157.75,3.05,+1.97,1178,186,154.7,157.65,158,157.45,0.36,,0.9966,,,,,
00673R,期元大S&P原油反1,市,,,24.46,0.14,+0.58,3728,91.2,24.32,24.43,24.54,24.42,0.49,,0.998,,,,,
00674R,期元大S&P黃金反1,市,,,4.78,0.01,+0.21,2148,10.3,4.77,4.77,4.79,4.77,0.42,,0.9979,,,,,
00675L,富邦臺灣加權正2,市,,,212.8,1.65,+0.78,1902,403,211.15,211.3,214.25,209.5,2.25,,1.0006,,,,,
00676R,富邦臺灣加權反1,市,,,7.37,-0.02,-0.27,3646,26.9,7.39,7.41,7.43,7.35,1.08,,1,,,,,
00681R,元大美債20反1,市,,,20.25,-0.02,-0.1,136,2.76,20.27,20.27,20.27,20.2,0.35,,0.9989,,,,,
00684R,期元大美元指反1,市,,,15.59,0.02,+0.13,29,0.45,15.57,15.6,15.64,15.59,0.32,,0.9943,,,,,
00687B,國泰20年美債,櫃,,,28.93,-0.02,-0.07,25385,735,28.95,28.95,28.96,28.9,0.21,,1.0006,,,,,
00689R,國泰20年美債反1,市,,,21,-0.06,-0.28,52,1.09,21.06,20.99,21,20.99,0.05,,0.9954,,,,,
00690,兆豐藍籌30,市,,,55.05,0.25,+0.46,768,42.2,55.85,55.35,55.35,54.5,1.55,,1.004,,,,,
00692,富邦公司治理,市,,,71.15,0.2,+0.28,2326,166,70.95,70.95,71.55,70.8,1.06,,0.9968,,,,,
00693U,期街口S&P黃豆,市,,,21.94,0.08,+0.37,1406,30.8,21.86,21.86,21.94,21.86,0.37,,0.9995,,,,,
00694B,富邦美債1-3,櫃,,,41.4,-0.1,-0.24,405,16.8,41.5,41.5,41.5,41.39,0.27,,1.0001,,,,,
00695B,富邦美債7-10,櫃,,,35.7,-0.09,-0.25,334,11.9,35.79,35.79,35.79,35.7,0.25,,0.9999,,,,,
00696B,富邦美債20年,櫃,,,30,-0.02,-0.07,3909,117,30.02,30.02,30.05,29.98,0.23,,1.0012,,,,,
00701,國泰股利精選30,市,,,30.5,0.35,+1.16,1682,51.3,30.15,30.16,30.61,30.16,1.49,,0.9941,,,,,
00706L,期元大S&P日圓正2,市,,,20.43,-0.04,-0.2,1584,32.3,20.47,20.42,20.45,20.37,0.39,,1.0015,,,,,
00714,群益道瓊美國地產,市,,,21.07,-0.1,-0.47,324,6.83,21.17,20.95,21.18,20.95,1.09,,0.9972,,,,,
00717,富邦美國特別股,市,,,15.14,-0.02,-0.13,132,1.99,15.16,15.19,15.19,15.12,0.46,,0.9954,,,,,
00724B,群益投資級金融債,櫃,,,34.56,-0.09,-0.26,6896,238,34.65,34.65,34.65,34.55,0.29,,0.9984,,,,,
00726B,國泰新興投等債,櫃,,,33.61,-0.05,-0.15,323,10.8,33.66,33.63,33.65,33.5,0.45,,1.0015,,,,,
00733,富邦臺灣中小,市,,,56.75,2.2,+4.03,5430,304,54.55,54.5,56.95,54.45,4.58,,0.9979,,,,,
00738U,期元大道瓊白銀,市,,,73.1,0.05,+0.07,14860,1082,73.05,73.2,73.6,71.5,2.87,,1.0281,,,,,
00740B,富邦全球投等債,櫃,,,39.34,-0.03,-0.08,9239,364,39.37,39.34,39.4,39.32,0.2,,1.0001,,,,,
00741B,富邦全球非投等債,櫃,,,37.25,-0.08,-0.21,161,6.01,37.33,37.33,37.33,37.25,0.21,,0.9996,,,,,
00746B,富邦A級公司債,櫃,,,36.2,-0.08,-0.22,507,18.4,36.28,36.22,36.27,36.19,0.22,,0.9994,,,,,
00752,中信中國50,市,,,25.08,-0.49,-1.92,6169,156,25.57,25.56,25.65,25.08,2.23,,1.0146,,,,,
00753L,中信中國50正2,市,,,11.68,-0.34,-2.83,28187,332,12.02,12.06,12.12,11.67,3.74,,1.0264,,,,,
00754B,群益AAA-AA公司債,櫃,,,34.25,-0.01,-0.03,130,4.46,34.66,34.26,34.26,34.22,0.12,,0.9992,,,,,
00757,統一FANG+,市,,,106.8,1.7,+1.62,3090,330,105.1,106.9,106.95,106.6,0.33,,1.001,,,,,
00762,元大全球AI,市,,,82.95,1.05,+1.28,438,36.3,81.9,83,83.1,82.7,0.49,,0.9933,,,,,
00770,國泰北美科技,市,,,52.15,0.65,+1.26,515,26.8,51.5,52.05,52.15,52,0.29,,0.9983,,,,,
00782B,國泰A級公用債,櫃,,,31.3,-0.06,-0.19,172,5.38,31.36,31.36,31.36,31.28,0.26,,1.0007,,,,,
00792B,群益A級公司債,櫃,,,32.5,-0.05,-0.15,133,4.32,32.55,32.53,32.54,32.5,0.12,,0.9983,,,,,
00830,國泰費城半導體,市,,,58.5,0.35,+0.6,13694,801,58.15,58.6,58.65,58.3,0.6,,0.9966,,,,,
00836B,永豐10年A公司債,櫃,,,29.46,-0.06,-0.2,106,3.12,29.52,29.45,29.48,29.45,0.1,,1.0003,,,,,
00850,元大臺灣ESG永續,市,,,66.5,0.1,+0.15,1438,95.4,67.2,66.9,66.9,65.95,1.43,,0.996,,,,,
00857B,永豐20年美公債,櫃,,,24.06,-0.01,-0.04,1975,47.6,24.07,24.06,24.1,24.05,0.21,,1,,,,,
00858,永豐美國500大,櫃,,,32.61,0.11,+0.34,645,21.1,32.5,32.65,32.66,32.6,0.18,,1.0003,,,,,
00859B,群益0-1年美債,櫃,,,40.9,-0.08,-0.2,2747,112,40.98,40.98,40.98,40.85,0.32,,1.0002,,,,,
00878,國泰永續高股息,市,,,23.74,0.16,+0.68,90568,2144,24,23.61,23.78,23.58,0.85,,0.9954,,,,,
00881,國泰台灣科技龍頭,市,,,38.31,0.22,+0.58,17500,670,38.09,38.21,38.5,37.98,1.37,,0.9977,,,,,
00885,富邦越南,市,,,18.93,0.15,+0.8,5355,101,18.78,18.78,18.97,18.7,1.44,,0.9854,,,,,
00888,永豐台灣ESG,櫃,,,24.82,-0.03,-0.12,1748,43.5,24.85,24.85,24.94,24.67,1.09,,0.9988,,,,,
00891,中信關鍵半導體,市,,,25.33,0.16,+0.64,30959,782,25.92,25.22,25.49,25.05,1.75,,1.0016,,,,,
00892,富邦台灣半導體,市,,,28.71,0.75,+2.68,1365,38.9,27.96,28.07,28.77,28.07,2.5,,0.9997,,,,,
00893,國泰智能電動車,市,,,35.05,-0.12,-0.34,1448,50.9,35.17,35.21,35.25,35.05,0.57,,0.9957,,,,,
00894,中信小資高價30,市,,,34,0.22,+0.65,1833,62.3,34.18,34.05,34.17,33.64,1.57,,1.0003,,,,,
00895,富邦未來車,市,,,42.63,0.13,+0.31,910,38.8,42.5,42.6,42.78,42.59,0.45,,0.9988,,,,,
00897,富邦基因免疫生技,市,,,10.08,-0.11,-1.08,737,7.44,10.19,10.19,10.19,10.07,1.18,,0.9941,,,,,
00902,中信電池及儲能,市,,,15.17,-0.07,-0.46,5402,82.4,15.24,15.29,15.38,15.16,1.44,,0.9954,,,,,
00904,新光臺灣半導體30,市,,,30.4,0.27,+0.9,4117,124,30.13,30.13,30.5,29.9,1.99,,1.0023,,,,,
00905,FT臺灣Smart,市,,,20.72,0.16,+0.78,1478,30.6,20.56,20.6,20.82,20.5,1.56,,0.9986,,,,,
00908,富邦入息REITs+,市,,,14.33,0.08,+0.56,235,3.36,14.25,14.27,14.35,14.27,0.56,,0.9993,,,,,
00909,國泰數位支付服務,市,,,39.15,0.79,+2.06,3654,143,38.36,39.46,39.46,39.09,0.96,,0.9932,,,,,
00910,第一金太空衛星,市,,,55.35,-0.05,-0.09,1988,110,55.4,55.3,55.35,55,0.63,,0.9976,,,,,
00915,凱基優選高股息30,市,,,24.84,0.2,+0.81,10047,249,24.64,24.64,24.89,24.64,1.01,,0.9936,,,,,
00919,群益台灣精選高息,市,,,24.6,0.33,+1.36,160895,3946,24.27,24.28,24.64,24.28,1.48,,0.9943,,,,,
00920,富邦ESG綠色電力,市,,,22.14,0.13,+0.59,2383,52.8,22.01,22.22,22.71,22.06,2.95,,1.005,,,,,
00921,兆豐龍頭等權重,市,,,19.37,0.09,+0.47,1539,29.8,19.28,19.33,19.45,19.29,0.83,,0.9928,,,,,
00923,群益台ESG低碳50,市,,,30.77,-0.01,-0.03,33016,1015,32.49,30.81,30.94,30.54,1.3,,1.0036,,,,,
00926,凱基全球菁英55,市,,,23.75,0.17,+0.72,1126,26.7,23.58,23.78,23.78,23.7,0.34,,0.9975,,,,,
00927,群益半導體收益,市,,,26.01,0.26,+1.01,12989,337,25.75,25.76,26.13,25.59,2.1,,0.9958,,,,,
00928,中信上櫃ESG30,櫃,,,23.48,0.11,+0.47,466,11,23.37,23.37,23.86,23.35,2.18,,1.0009,,,,,
00930,永豐ESG低碳高息,市,,,18.56,0.11,+0.6,3055,56.8,18.45,18.45,18.68,18.45,1.25,,0.9941,,,,,
00931B,統一美債20年,櫃,,,13.93,-0.01,-0.07,3326,46.4,13.94,13.94,13.97,13.93,0.29,,0.9993,,,,,
00932,兆豐永續高息等權,市,,,14.98,0.02,+0.13,1254,18.8,15.18,14.96,15.06,14.93,0.87,,0.9953,,,,,
00933B,國泰10Y+金融債,櫃,,,16.41,-0.02,-0.12,17300,284,16.5,16.45,16.45,16.38,0.43,,0.9997,,,,,
00935,野村臺灣新科技50,市,,,40.22,0.49,+1.23,9656,386,39.73,39.95,40.33,39.53,2.01,,1.0045,,,,,
00936,台新永續高息中小,市,,,17.98,-0.05,-0.28,8492,153,18.03,18.03,18.1,17.96,0.78,,0.9901,,,,,
00939,統一台灣高息動能,市,,,16.72,0.39,+2.39,21264,353,16.33,16.36,16.76,16.36,2.45,,0.9952,,,,,
00940,元大台灣價值高息,市,,,10.01,0.09,+0.91,334638,3344,9.92,9.92,10.03,9.92,1.11,,0.9911,,,,,
00941,中信上游半導體,市,,,22.96,0.14,+0.61,2230,51.2,22.82,22.99,22.99,22.91,0.35,,0.9987,,,,,
00942B,台新美A公司債20+,櫃,,,14.59,-0.01,-0.07,1022,14.9,14.6,14.6,14.61,14.59,0.14,,0.9979,,,,,
00946,群益科技高息成長,市,,,10.39,0.02,+0.19,5762,60,10.37,10.37,10.47,10.35,1.16,,0.9933,,,,,
00947,台新臺灣IC設計,市,,,24.89,0.44,+1.8,8105,200,24.45,24.51,24.9,24.29,2.49,,0.9972,,,,,
00948B,中信優息投資級債,櫃,,,9.61,-0.02,-0.21,13892,134,9.67,9.65,9.65,9.6,0.52,,0.9987,,,,,
00951,台新日本半導體,市,,,15.16,-0.2,-1.3,8675,131,15.36,15.39,15.39,14.96,2.8,,1.0033,,,,,
00952,凱基台灣AI50,市,,,13.27,0.1,+0.76,3166,42,13.22,13.23,13.38,13.13,1.9,,0.994,,,,,
00954,中信日本半導體,市,,,16.27,-0.15,-0.91,5366,87,16.42,16.34,16.4,16,2.44,,0.9969,,,,,
00961,FT臺灣永續高息,市,,,10.43,0.07,+0.68,2560,26.5,10.42,10.39,10.45,10.32,1.25,,0.9924,,,,,
00962,台新AI優息動能,市,,,11.73,0.1,+0.86,788,9.2,11.63,11.63,11.78,11.6,1.55,,0.9932,,,,,
00964,中信亞太高股息,市,,,13.86,-0.05,-0.36,2509,34.8,14,13.96,13.97,13.81,1.15,,1.0051,,,,,
00966B,統一ESG投等債15+,櫃,,,14.22,-0.02,-0.14,1412,20.1,14.24,14.22,14.24,14.21,0.21,,0.9993,,,,,
00967B,元大優息美債,櫃,,,9.38,-0.01,-0.11,1656,15.5,9.42,9.37,9.39,9.37,0.21,,0.9974,,,,,
00969B,元大零息超長美債,櫃,,,8.72,0.0,0,1417,12.4,8.72,8.71,8.76,8.71,0.57,,0.9956,,,,,
009801,中信美國創新科技,市,,,10.58,0.12,+1.15,1798,19,10.46,10.56,10.6,10.56,0.38,,0.9962,,,,,
009804,聯邦台精彩50,市,,,17.9,0.11,+0.62,619,11,17.79,17.84,17.92,17.74,1.01,,1,,,,,
009805,新光美國電力基建,市,,,15.15,-0.04,-0.26,22165,335,15.19,15.17,15.17,15.07,0.66,,1.0087,,,,,
009807,台新標普科技精選,櫃,,,12.68,0.17,+1.36,165,2.1,12.51,12.67,12.69,12.66,0.24,,0.993,,,,,
009809,富邦淨零ESG50,市,,,12.93,0.02,+0.15,1520,19.7,12.91,12.92,13,12.87,1.01,,0.9977,,,,,
00980A,主動野村臺灣優選,市,,,17.62,0.09,+0.51,24087,424,17.9,17.64,17.72,17.47,1.43,,1,,,,,
00980D,主動聯博投等入息,櫃,,,20.76,-0.02,-0.1,1574,32.7,20.89,20.85,20.85,20.75,0.48,,1.0039,,,,,
009810,保德信全球藍籌,市,,,18.82,0.14,+0.75,443,8.34,18.68,18.82,18.84,18.8,0.21,,0.9952,,,,,
009815,大華美國MAG7+,櫃,,,9.72,0.09,+0.93,18830,183,9.63,9.71,9.73,9.67,0.62,,1.0021,,,,,
009816,凱基台灣TOP50,市,,,11.48,0.03,+0.26,623790,7170,11.45,11.53,11.55,11.4,1.31,,1.0044,,,,,
009817,國泰日本不動產,市,,,10.09,0.05,+0.5,14950,151,10.04,10.04,10.1,10.02,0.8,,0.999,,,,,
00981A,主動統一台股增長,市,,,20.2,0.18,+0.9,117635,2370,20.02,20.1,20.29,19.87,2.1,,1.0045,,,,,
00981D,主動中信非投等債,櫃,,,10.37,-0.03,-0.29,25350,263,10.48,10.41,10.42,10.35,0.67,,1.0029,,,,,
00981T,平衡凱基雙核收息,市,,,11.49,0.01,+0.09,5760,66.2,11.54,11.5,11.51,11.46,0.44,,1.0061,,,,,
00982A,主動群益台灣強棒,市,,,16.68,0.3,+1.83,61347,1017,16.76,16.48,16.72,16.4,1.95,,1.0018,,,,,
00982B,FT投資級債20+,櫃,,,10.01,-0.02,-0.2,148,1.48,10.08,10.03,10.03,10.01,0.2,,0.994,,,,,
00982D,主動富邦動態入息,市,,,10.17,-0.01,-0.1,1073,10.9,10.18,10.18,10.18,10.16,0.2,,1.001,,,,,
00982T,平衡兆豐台美動能,市,,,12.01,-0.02,-0.17,2088,25.1,12.03,12,12.06,11.9,1.33,,0.9967,,,,,
00983A,主動中信ARK創新,市,,,10.88,0.12,+1.12,2027,22.1,10.76,10.89,10.9,10.86,0.37,,0.9954,,,,,
00983B,大華優利美公債20,櫃,,,16.31,-0.01,-0.06,1505,24.6,16.32,16.33,16.33,16.3,0.18,,1,,,,,
00984A,主動安聯台灣高息,市,,,12.84,0.17,+1.34,8069,103,12.67,12.7,12.87,12.69,1.42,,0.9992,,,,,
00985A,主動野村台灣50,市,,,16.5,0.15,+0.92,5821,95.9,16.35,16.44,16.56,16.34,1.35,,1.0018,,,,,
00987A,主動台新優勢成長,市,,,11.8,0.26,+2.25,4053,47.4,11.54,11.55,11.8,11.49,2.69,,1.0051,,,,,
00988A,主動統一全球創新,市,,,13.25,0.1,+0.76,30972,409,13.15,13.2,13.25,13.1,1.14,,1.0061,,,,,
00989A,主動摩根美國科技,市,,,14.19,0.12,+0.85,1242,17.6,14.07,14.16,14.22,14.16,0.43,,0.9993,,,,,
00990A,主動元大AI新經濟,市,,,12.76,0.13,+1.03,28096,358,12.63,12.63,12.78,12.63,1.19,,1.0008,,,,,
00991A,主動復華未來50,市,,,12.88,0.04,+0.31,67601,866,12.84,12.85,12.9,12.66,1.87,,1.0008,,,,,
00992A,主動群益科技創新,市,,,12.92,0.19,+1.49,28428,365,12.73,12.74,12.95,12.68,2.12,,1.0039,,,,,
00993A,主動安聯台灣,市,,,10.76,0.1,+0.94,40759,437,10.66,10.7,10.79,10.61,1.69,,0.9981,,,,,
00994A,主動第一金台股優,市,,,12.1,0.16,+1.34,2267,27.2,11.94,11.94,12.1,11.85,2.09,,1.0083,,,,,
1303,南亞,市,,,91.8,-3.1,-3.27,133969,12381,94.9,95.5,96.5,90.1,6.74,-,2.21,,,,,
1310,台苯,市,,,9.3,-0.03,-0.32,3707,34.4,9.33,9.33,9.41,9.17,2.57,-,0.72,,,,,
1312,國喬,市,,,13.65,-0.4,-2.85,6546,90.2,14.05,14.05,14.05,13.6,3.2,-,0.53,,,,,
1466,聚隆,市,,,19.95,1.8,+9.92,2981,57.7,18.15,18.4,19.95,18.25,9.37,-,1.42,,,,,
1476,儒鴻,市,,,423,-1.0,-0.24,18388,7778,424,423.5,433,416.5,3.89,20.6,4.18,,,,,
1531,高林股,市,,,12.4,-0.05,-0.4,47,0.58,12.45,12.5,12.5,12.35,1.2,-,0.64,,,,,
1560,中砂,市,,,524,29.5,+5.97,4738,2480,494.5,494.5,543,490,10.7,68.4,10.18,,,,,
1563,巧新,市,,,43.7,-0.15,-0.34,468,20.5,43.85,44.25,44.25,43.6,1.48,20.3,1.11,,,,,
1582,信錦,市,,,72.7,2.7,+3.86,2966,215,70,70.7,73.8,70.2,5.14,16,1.53,,,,,
1608,華榮,市,,,36.3,0.2,+0.55,2945,107,36.1,36.2,36.5,35.65,2.35,7.41,1.66,,,,,
1708,東鹼,市,,,36.35,0.35,+0.97,2331,84.9,36,36.4,36.8,36.15,1.81,12.1,1.31,,,,,
1712,興農,市,,,45.25,-0.35,-0.77,794,36.1,45.6,45.7,45.85,45.2,1.43,17.2,2.3,,,,,
1727,中華化,市,,,47.7,-0.05,-0.1,3661,175,47.75,47.9,48.45,46.9,3.25,477,2.86,,,,,
1786,科妍,市,,,74.6,0.5,+0.67,282,21.1,74.1,74.6,75.8,73.3,3.37,32.6,2.8,,,,,
1815,富喬,櫃,,,110.5,-2.5,-2.21,92529,10378,113,116,118,108.5,8.41,102,7.18,,,,,
1904,正隆,市,,,18.4,-0.4,-2.13,1673,31,18.8,18.85,18.95,18.4,2.93,65.7,0.72,,,,,
2009,第一銅,市,,,46.5,0.15,+0.32,2718,126,46.35,46.8,47.2,46.1,2.37,141,1.99,,,,,
2010,春源,市,,,22.9,0.0,0,1473,33.6,22.9,23.1,23.1,22.7,1.75,10.3,1.2,,,,,
2030,彰源,市,,,16.5,-0.15,-0.9,650,10.7,16.65,16.8,16.8,16.35,2.7,51.6,0.97,,,,,
2032,新鋼,市,,,16.4,-0.15,-0.91,461,7.58,16.55,16.65,16.7,16.35,2.11,32.8,1.24,,,,,
2049,上銀,市,,,230,5.0,+2.22,3681,839,225,225,234,223,4.89,58.4,2.21,,,,,
2065,世豐,櫃,,,31,-0.1,-0.32,74,2.29,31.1,31.2,31.2,30.7,1.61,32.3,1.13,,,,,
2103,台橡,市,,,20.5,-0.3,-1.44,17590,363,20.8,20.6,21.4,20.05,6.49,158,0.88,,,,,
2107,厚生,市,,,25.85,0.15,+0.58,293,7.54,25.7,25.75,25.85,25.6,0.97,16,0.6,,,,,
2204,中華,市,,,59.8,0.6,+1.01,1634,97.7,59.2,59.2,60.2,59,2.03,11.4,0.91,,,,,
2208,台船,市,,,24.35,0.25,+1.04,6723,162,24.1,24.1,24.5,23.85,2.7,-,4.6,,,,,
2236,百達-KY,市,,,115,0.0,0,190,21.7,115,114,116.5,113,3.04,21.1,3.48,,,,,
2301,光寶科,市,,,173,-19.0,-9.9,98092,17079,192,185,185.5,173,6.51,27.5,4.7,,,,,
2312,金寶,市,,,25.75,0.5,+1.98,30437,780,25.25,25.3,26.1,25,4.36,25.5,1.76,,,,,
2313,華通,市,,,204.5,-5.0,-2.39,73891,15077,209.5,210,210.5,199.5,5.25,40.9,5.5,,,,,
2317,鴻海,市,,,243,-3.5,-1.42,122693,30070,246.5,253.5,253.5,241.5,4.87,17.7,2.07,,,,,
2323,中環,市,,,11.25,0.15,+1.35,9639,108,11.1,11.2,11.3,11.05,2.25,-,0.69,,,,,
2329,華泰,市,,,57.9,2.3,+4.14,28743,1686,55.6,56.4,60,55.7,7.73,23.6,3.42,,,,,
2331,精英,市,,,27.6,0.0,0,4883,134,27.6,27.9,27.9,27.2,2.54,23,1.38,,,,,
2337,旺宏,市,,,110,2.0,+1.85,144245,15957,108,110,113,107,5.56,-,4.81,,,,,
2345,智邦,市,,,1400,-50.0,-3.45,5719,8113,1450,1450,1460,1400,4.14,34.8,15.78,,,,,
2353,宏碁,市,,,27.4,0.05,+0.18,30362,835,27.35,27.4,27.7,27.2,1.83,20,1.12,,,,,
2354,鴻準,市,,,59.5,-0.5,-0.83,4694,281,60,60.7,60.7,59.3,2.33,25.6,0.82,,,,,
2357,華碩,市,,,532,7.0,+1.33,4661,2474,525,530,535,522,2.48,11.4,1.53,,,,,
2363,矽統,市,,,54.8,0.2,+0.37,5363,295,54.6,54.8,55.7,54.2,2.75,38.3,1.64,,,,,
2375,凱美,市,,,94.9,-0.8,-0.84,1693,160,95.7,96,96,92.6,3.55,24.6,1.09,,,,,
2377,微星,市,,,94.3,2.1,+2.28,7608,712,92.2,92.9,94.9,92.2,2.93,17.4,1.53,,,,,
2382,廣達,市,,,291.5,-6.0,-2.02,25013,7332,297.5,302,302,290,4.03,16.4,5.26,,,,,
2387,精元,市,,,43.7,0.4,+0.92,7505,328,43.3,43.95,44.6,43.05,3.58,8.5,0.85,,,,,
2402,毅嘉,市,,,57,2.1,+3.83,18453,1046,54.9,55.4,57.5,54.6,5.28,22.4,2.62,,,,,
2409,友達,市,,,16.6,0.5,+3.11,260144,4271,16.1,16.25,16.8,15.95,5.28,22.7,0.85,,,,,
2421,建準,市,,,152.5,1.0,+0.66,4931,747,151.5,151,155.5,148.5,4.62,21,5.13,,,,,
2424,隴華,市,,,32.8,-0.45,-1.35,11,0.37,33.25,33.25,33.25,32.8,1.35,-,6.55,,,,,
2436,偉詮電,市,,,62.2,2.3,+3.84,10597,667,59.9,60.2,64.5,60.1,7.35,32.4,3.16,,,,,
2442,新美齊,市,,,19.95,0.45,+2.31,3156,63.9,19.5,19.65,20.7,19.65,5.38,21.9,1.1,,,,,
2449,京元電子,市,,,327,7.0,+2.19,18744,6087,320,318.5,329.5,317,3.91,37,8.49,,,,,
2464,盟立,市,,,74.7,3.5,+4.92,14660,1099,71.2,71.9,76.8,71.9,6.88,-,3.15,,,,,
2466,冠西電,市,,,52.1,0.8,+1.56,265,13.8,51.3,51.8,53,51.3,3.31,33.4,4.43,,,,,
2472,立隆電,市,,,127,4.5,+3.67,6472,809,122.5,123.5,127,121,4.9,17.5,2.6,,,,,
2478,大毅,市,,,72.8,0.6,+0.83,4877,350,72.2,71.5,73.8,69.4,6.09,21,1.54,,,,,
2483,百容,市,,,22,-0.1,-0.45,567,12.4,22.1,22.3,22.35,21.65,3.17,40,0.94,,,,,
2488,漢平,市,,,47.75,-0.85,-1.75,483,23.1,48.6,48.5,48.5,47.3,2.47,10.5,1.36,,,,,
2489,瑞軒,市,,,39.6,3.6,+10,57332,2238,36,38.5,39.6,37.75,5.14,30.2,1.88,,,,,
2501,國建,市,,,22.65,-0.1,-0.44,1619,36.9,22.75,22.8,23,22.65,1.54,9.32,0.9,,,,,
2515,中工,市,,,17.4,0.75,+4.5,43720,760,16.65,16.75,17.85,16.75,6.61,42.4,1.2,,,,,
2516,新建,市,,,15,0.3,+2.04,893,13.1,14.7,14.7,15.15,14.5,4.42,16.1,1.8,,,,,
2605,新興,市,,,33.75,0.85,+2.58,24899,836,32.9,32.7,34.45,32.5,5.93,40.7,1.22,,,,,
2610,華航,市,,,21,-0.1,-0.47,48482,1017,21.1,21.15,21.3,20.8,2.37,8.5,1.35,,,,,
2618,長榮航,市,,,38,0.05,+0.13,51482,1953,37.95,38.05,38.4,37.65,1.98,7.88,1.56,,,,,
2636,台驊控股,市,,,64.3,0.1,+0.16,365,23.5,64.2,64.4,64.8,64.2,0.93,7.86,0.98,,,,,
2740,天蔥,櫃,,,43.2,0.1,+0.23,5,0.22,43.1,43.1,43.9,43.1,1.86,-,7.37,,,,,
2820,華票,市,,,17.15,-0.05,-0.29,1113,19.1,17.2,17.2,17.25,17.15,0.58,13.6,0.85,,,,,
2867,三商壽,市,,,8.26,0.05,+0.61,32737,271,8.21,8.2,8.35,8.2,1.83,118,1.19,,,,,
2883,凱基金,市,,,21.95,1.05,+5.02,161928,3533,20.9,20.8,22.05,20.8,5.98,16.3,1.31,,,,,
2883B,凱基金乙特,市,,,8.06,0.03,+0.37,2639,21.2,8.03,8.03,8.06,8.03,0.37,,,,,,,
2903,遠百,市,,,22.8,-0.15,-0.65,3253,74.4,22.95,22.95,23.05,22.75,1.31,13.6,1.05,,,,,
3014,聯陽,市,,,123,-0.5,-0.4,1073,133,123.5,126,126,122.5,2.83,12.7,3.08,,,,,
3023,信邦,市,,,244,0.0,0,2125,516,244,242.5,245.5,240.5,2.05,18.6,3.99,,,,,
3028,增你強,市,,,55.5,0.7,+1.28,27859,1564,54.8,56.2,58.6,54.4,7.66,19.3,2.24,,,,,
3029,零壹,市,,,121.5,9.0,+8,5183,615,112.5,114,122.5,114,7.56,18.6,3.53,,,,,
3030,德律,市,,,223.5,20.0,+9.83,10140,2224,203.5,206.5,223.5,205.5,8.85,22.8,5.96,,,,,
3032,偉訓,市,,,72.2,-0.2,-0.28,661,47.7,72.4,72.5,73,71.2,2.49,-,3.1,,,,,
3033,威健,市,,,31.85,0.1,+0.31,4478,144,31.75,31.9,32.4,31.7,2.2,20,1.51,,,,,
3034,聯詠,市,,,393,6.0,+1.55,6587,2576,387,389,393,387.5,1.42,13.7,3.76,,,,,
3038,全台,市,,,23.25,0.1,+0.43,238,5.54,23.15,23.2,23.35,23.1,1.08,19.9,1.36,,,,,
3044,健鼎,市,,,389.5,-7.5,-1.89,4148,1630,397,401,404.5,387,4.41,20.5,4.13,,,,,
3052,夆典,市,,,11.6,-0.1,-0.85,329,3.82,11.7,11.7,11.7,11.55,1.28,9.67,0.68,,,,,
3056,富華新,市,,,17.05,-0.1,-0.58,1140,19.6,17.15,17.2,17.35,17.05,1.75,2.9,0.94,,,,,
3060,銘異,市,,,33.9,0.8,+2.42,5381,183,33.1,33.7,34.8,33.3,4.53,-,1.84,,,,,
3062,建漢,市,,,26.55,0.45,+1.72,3453,91,26.1,26.15,26.7,25.8,3.45,18.8,1.92,,,,,
3081,聯亞,櫃,,,1250,-15.0,-1.19,1043,1375,1265,1280,1390,1250,11.1,268,27.6,,,,,
3162,精確,櫃,,,59.2,1.8,+3.14,2370,140,57.4,57,60,57,5.23,24.3,2.63,,,,,
3163,波若威,櫃,,,776,-6.0,-0.77,1535,1246,782,761,859,761,12.5,125,20.34,,,,,
3167,大量,市,,,297,2.0,+0.68,1499,445,295,295,302.5,288,4.92,47.4,8.53,,,,,
3209,全科,市,,,36.7,-0.35,-0.94,962,35.5,37.05,37.15,37.35,36.6,2.02,16.5,1.78,,,,,
3221,台嘉碩,櫃,,,31.75,1.8,+6.01,10672,333,29.95,30.8,32.25,30.05,7.35,1588,1.66,,,,,
3234,光環,櫃,,,96,2.4,+2.56,3515,333,93.6,93.4,99.5,89,11.2,-,13.5,,,,,
3290,東浦,櫃,,,49.6,0.15,+0.3,639,31.6,49.45,50,50,49.1,1.82,29.3,2.23,,,,,
3311,閎暉,市,,,33.95,1.45,+4.46,761,25.5,32.5,33.1,34.15,32.4,5.38,20.3,0.93,,,,,
3324,雙鴻,櫃,,,1155,0.0,0,8995,10503,1155,1175,1200,1130,6.06,49.6,10.78,,,,,
3360,尚立,櫃,,,17.1,-0.05,-0.29,2219,38.5,17.15,17.5,17.85,17.05,4.66,-,1.63,,,,,
3363,上詮,櫃,,,602,7.0,+1.18,9657,5946,595,600,640,590,8.4,8600,24.35,,,,,
3374,精材,櫃,,,193.5,9.5,+5.16,13645,2613,184,187.5,195,185.5,5.16,38.8,5.38,,,,,
3413,京鼎,市,,,316,2.0,+0.64,2833,903,314,315,325,313,3.82,13.5,2.26,,,,,
3419,譁裕,市,,,15.6,-0.3,-1.89,476,7.47,15.9,15.9,15.95,15.55,2.52,-,1.9,,,,,
3434,哲固,櫃,,,30.05,0.2,+0.67,68,2.04,29.85,29.95,30.2,29.9,1.01,47,2.16,,,,,
3466,德晉,櫃,,,37.15,1.7,+4.8,928,34.6,35.45,36,38.7,35.7,8.46,-,1.98,,,,,
3490,單井,櫃,,,25.1,0.15,+0.6,375,9.47,24.95,25.1,25.35,24.85,2.0,-,1.09,,,,,
3526,凡甲,櫃,,,295.5,-10.5,-3.43,1131,338,306,300.5,305,294.5,3.43,17.2,5.24,,,,,
3529,力旺,櫃,,,2530,45.0,+1.81,1146,2887,2485,2500,2600,2430,6.84,101,57.64,,,,,
3532,台勝科,市,,,138,0.0,0,3159,438,138,139,141.5,137,3.26,76.2,2.19,,,,,
3543,州巧,市,,,53.5,-1.6,-2.9,14704,817,55.1,55.2,58.8,52.9,10.7,-,2.03,,,,,
3563,牧德,市,,,570,51.0,+9.83,3402,1925,519,537,570,535,6.74,36.1,6.42,,,,,
3591,艾笛森,市,,,18.85,-0.4,-2.08,928,17.5,19.25,19.2,19.2,18.6,3.12,269,0.97,,,,,
3592,瑞鼎,市,,,233,-4.0,-1.69,530,124,237,237,237.5,232.5,2.11,12.8,1.53,,,,,
3596,智易,市,,,197,10.5,+5.63,4472,883,186.5,190,202.5,189,7.24,15.6,2.56,,,,,
3661,世芯-KY,市,,,3490,10.0,+0.29,1524,5323,3480,3480,3530,3435,2.73,47.4,7.46,,,,,
3663,鑫科,櫃,,,64.8,2.1,+3.35,3223,211,62.7,62.6,67.4,62.2,8.29,498,3.93,,,,,
3665,貿聯-KY,市,,,1410,65.0,+4.83,5633,7900,1345,1390,1440,1375,4.83,34.8,6.54,,,,,
3680,家登,櫃,,,425.5,2.5,+0.59,1582,677,423,426,435,419,3.78,61.8,4.19,,,,,
3685,元創精密,櫃,,,36.7,0.45,+1.24,411,14.7,36.25,36.25,37,35,5.52,-,4.01,,,,,
3686,達能,市,,,20,0.4,+2.04,735,14.7,19.6,19.6,20.25,19.45,4.08,-,2.24,,,,,
3717,聯嘉投控,市,,,17.55,0.0,0,404,7.1,17.55,17.55,17.7,17.4,1.71,-,1.17,,,,,
4153,鈺緯,櫃,,,34.3,0.6,+1.78,43,1.47,33.7,33.7,34.4,33.65,2.23,23.8,2.02,,,,,
4167,松瑞藥,櫃,,,18.95,-0.15,-0.79,782,14.9,19.1,19.1,19.15,18.9,1.31,12,1.59,,,,,
4174,浩鼎,櫃,,,41.8,0.1,+0.24,356,15,41.7,42,42.6,41.6,2.4,-,5.03,,,,,
4533,協易機,櫃,,,32.95,-0.05,-0.15,2690,88.4,33,32.85,33.6,32.05,4.7,86.7,2.13,,,,,
4542,科嶠,櫃,,,161,4.0,+2.55,2640,432,157,156.5,169.5,155,9.24,227,8.07,,,,,
4545,銘鈺,市,,,35.45,-0.25,-0.7,179,6.38,35.7,35.45,36,35.2,2.24,354,1.47,,,,,
4737,華廣,市,,,54.3,0.3,+0.56,220,12,54,54.8,55.5,54,2.78,-,1.98,,,,,
4739,康普,市,,,77.5,1.1,+1.44,1796,139,76.4,75.7,78.3,75.1,4.19,109,1.67,,,,,
4744,皇將,櫃,,,32.1,-1.85,-5.45,680,22,33.95,34.05,34.05,31.9,6.33,15.2,1.48,,,,,
4747,強生,櫃,,,56.5,-0.2,-0.35,51,2.88,56.7,56.7,56.7,56,1.23,33.2,1.49,,,,,
4749,新應材,櫃,,,911,16.0,+1.79,2486,2274,895,900,935,893,4.69,87.8,9.5,,,,,
4908,前鼎,櫃,,,87.1,1.4,+1.63,3806,335,85.7,85.7,89.7,85.6,4.78,35.7,4.07,,,,,
4916,事欣科,市,,,63.8,0.2,+0.31,3416,217,63.6,63.6,64.3,62.6,2.67,36.7,2.68,,,,,
4927,泰鼎-KY,市,,,47.25,3.0,+6.78,46685,2209,44.25,44.5,48.65,44.5,9.38,-,1.94,,,,,
4966,譜瑞-KY,櫃,,,545,2.0,+0.37,1116,605,543,542,545,535,1.84,15,1.99,,,,,
4967,十銓,市,,,204.5,-14.5,-6.62,13032,2657,219,205,207.5,200,3.42,67.3,4.31,,,,,
4995,晶達,櫃,,,42.8,0.65,+1.54,76,3.24,42.15,43.2,43.2,42.65,1.3,19,1.92,,,,,
5328,華容,櫃,,,29.25,0.45,+1.56,9289,267,28.8,28.5,29.45,28.1,4.69,62.2,2.86,,,,,
5371,中光電,櫃,,,89.6,0.2,+0.22,5004,446,89.4,89.8,90.2,87.6,2.91,94.3,1.43,,,,,
5388,中磊,市,,,83.1,0.2,+0.24,3717,310,82.9,83.3,84.4,82.3,2.53,17.1,1.62,,,,,
5426,振發,櫃,,,20.95,0.1,+0.48,337,7.09,20.85,20.75,21.25,20.75,2.4,29.5,1.38,,,,,
5439,高技,櫃,,,292,-2.5,-0.85,1598,469,294.5,294.5,297.5,291,2.21,27.7,7.62,,,,,
5457,宣德,櫃,,,36.7,-0.05,-0.14,496,18.3,36.75,36.8,37.2,36.7,1.36,17.5,1.4,,,,,
5490,同亨,櫃,,,25.7,0.05,+0.19,189,4.89,25.65,25.7,25.95,25.6,1.36,17.2,1.85,,,,,
5536,聖暉*,櫃,,,723,22.0,+3.14,3735,2722,701,703,740,700,5.71,27.4,7.22,,,,,
5608,四維航,市,,,17.6,0.05,+0.28,2878,50.9,17.55,17.6,17.95,17.5,2.56,-,0.76,,,,,
5871,中租-KY,市,,,104,-1.5,-1.42,8595,899,105.5,105.5,106,104,1.9,9.55,1.12,,,,,
6015,宏遠證,櫃,,,15.25,0.75,+5.17,9490,144,14.5,14.9,15.5,14.65,5.86,69.3,1.12,,,,,
6111,大宇資,櫃,,,44.8,1.0,+2.28,590,26.5,43.8,43.9,45.35,43.9,3.31,-,2.03,,,,,
6113,亞矽,櫃,,,22.1,0.1,+0.45,168,3.72,22,21.95,22.4,21.95,2.05,-,2.18,,,,,
6130,上亞科技,櫃,,,38.3,-0.55,-1.42,77,2.96,38.85,39.15,39.25,38.25,2.57,-,2.97,,,,,
6133,金橋,市,,,24.65,1.55,+6.71,3918,95.7,23.1,23.3,24.9,23.15,7.58,44.8,1.98,,,,,
6163,華電網,櫃,,,54.3,2.2,+4.22,4066,216,52.1,52.1,54.8,51.1,7.1,59,2.91,,,,,
6187,萬潤,櫃,,,547,49.0,+9.84,7053,3774,498,505,547,501,9.24,35.4,7.21,,,,,
6194,育富,櫃,,,32.7,0.25,+0.77,71,2.31,32.45,32.45,32.8,32.35,1.39,9.88,0.83,,,,,
6202,盛群,市,,,62.7,0.7,+1.13,7574,477,62,62,64.2,61,5.16,82.5,3.69,,,,,
6213,聯茂,市,,,141.5,-5.0,-3.41,27422,3891,146.5,148,148.5,137.5,7.51,39.5,2.6,,,,,
6217,中探針,櫃,,,93.7,8.5,+9.98,2032,190,85.2,93.7,93.7,93.7,0.0,-,3.71,,,,,
6220,岳豐,櫃,,,33.55,1.0,+3.07,953,31.8,32.55,32.6,33.8,32.55,3.84,43,1.64,,,,,
6233,旺玖,櫃,,,27.25,0.05,+0.18,4290,118,27.2,27.95,28.6,26.75,6.8,-,1.8,,,,,
6248,沛波,櫃,,,22,0.1,+0.46,468,10.3,21.9,21.9,22.3,21.9,1.83,17.7,0.96,,,,,
6261,久元,櫃,,,75.2,-0.4,-0.53,1060,80.8,75.6,75.8,77,75.1,2.51,20.3,1.5,,,,,
6269,台郡,市,,,64.7,-0.9,-1.37,2102,136,65.6,65.3,65.4,63.7,2.59,-,0.96,,,,,
6271,同欣電,市,,,177,-12.0,-6.35,27560,4996,189,194.5,196,173,12.2,24.5,1.41,,,,,
6272,驊陞,市,,,39.6,-0.5,-1.25,271,10.8,40.1,39.8,40.3,39.55,1.87,10.3,1.99,,,,,
6274,台燿,櫃,,,545,-32.0,-5.55,13511,7478,577,579,583,545,6.59,50,9.69,,,,,
6278,台表科,市,,,101.5,0.5,+0.5,2924,299,101,101.5,103.5,101.5,1.98,10.9,1.39,,,,,
6290,良維,櫃,,,227,14.5,+6.82,11918,2616,212.5,213,231.5,209,10.6,27.4,5.38,,,,,
6405,悅城,市,,,35.45,0.55,+1.58,1534,55.5,34.9,34.9,37.3,34.65,7.59,-,0.93,,,,,
6411,晶焱,櫃,,,88.4,2.8,+3.27,1120,98,85.6,85.6,88.8,85,4.44,23.8,1.78,,,,,
6415,矽力*-KY,市,,,281,2.0,+0.72,5114,1453,279,280,291.5,279,4.48,42.4,3.11,,,,,
6456,GIS-KY,市,,,47.75,4.3,+9.9,15634,734,43.45,43.65,47.75,43.6,9.55,154,0.56,,,,,
6465,威潤,櫃,,,33.5,-0.2,-0.59,91,3.06,33.7,33.35,34.55,33.3,3.71,-,3.79,,,,,
6470,宇智,櫃,,,53.7,0.1,+0.19,251,13.4,53.6,53.6,53.7,53.6,0.19,13.9,1.81,,,,,
6531,愛普*,市,,,433.5,6.0,+1.4,4941,2157,427.5,425.5,449,423,6.08,70.8,6.18,,,,,
6584,南俊國際,櫃,,,425,-9.0,-2.07,599,257,434,439,442,425,3.92,109,11.54,,,,,
6651,全宇昕,櫃,,,100.5,0.8,+0.8,336,33.7,99.7,99.7,101,99.7,1.3,15.3,2.88,,,,,
6670,復盛應用,市,,,265.5,0.0,0,233,61.8,265.5,266,268,262.5,2.07,11.1,2.69,,,,,
6679,鈺太,櫃,,,227.5,16.0,+7.57,1470,331,211.5,211.5,231.5,211.5,9.46,38.4,2.38,,,,,
6695,芯鼎,市,,,43.15,0.5,+1.17,440,19,42.65,42.65,44,42.4,3.75,-,2.68,,,,,
6768,志強-KY,市,,,100.5,-0.5,-0.5,361,36.3,101,101,102,100,1.98,13.1,1.4,,,,,
6788,華景電,櫃,,,353,24.5,+7.46,3450,1203,328.5,332,360,327,10.0,21.6,5.36,,,,,
6804,明係,櫃,,,16.7,-0.1,-0.6,25,0.42,16.8,16.7,16.8,16.65,0.89,-,0.54,,,,,
6805,富世達,市,,,1710,155.0,+9.97,3775,6248,1555,1570,1710,1540,10.9,65.6,18.94,,,,,
6873,泓德能源,市,,,109,-1.0,-0.91,649,71,110,111,111,107.5,3.18,18.5,1.54,,,,,
6877,鏵友益,櫃,,,96,7.5,+8.47,1661,159,88.5,86.7,97.3,86.7,12.0,163,4.95,,,,,
6931,青松健康,市,,,54.5,-0.1,-0.18,49,2.66,54.6,54.4,54.7,54.4,0.55,54.5,3.24,,,,,
6936,永鴻生技,市,,,36.1,0.05,+0.14,163,5.87,36.05,35.8,36.2,35.65,1.53,21.2,2.01,,,,,
6957,裕慶-KY,市,,,181,5.0,+2.84,174,31,176,176,184,172.5,6.53,15.9,4.46,,,,,
6968,萬達寵物,櫃,,,49.2,0.25,+0.51,38,1.84,48.95,48.95,49.8,48.55,2.55,20.4,1.93,,,,,
6988,威力暘-創,市,,,18,0.45,+2.56,171,2.78,17.55,17,18,15.8,12.5,-,1.13,,,,,
7610,聯友金屬-創,市,,,327,24.0,+7.92,748,239,303,300,329.5,300,9.74,171,11.11,,,,,
7703,銳澤,櫃,,,217,1.0,+0.46,199,43.3,216,212.5,221,212.5,3.94,23.6,3.64,,,,,
8042,金山電,櫃,,,61.3,1.8,+3.03,2385,143,59.5,59.6,61.3,57.8,5.88,192,2.2,,,,,
8074,鉅橡,櫃,,,69.7,2.7,+4.03,9532,670,67,69,72,68.1,5.82,64.5,3.69,,,,,
8084,巨虹,櫃,,,54.7,-0.3,-0.55,168,9.15,55,55,55.2,53.2,3.64,-,6.96,,,,,
8088,品安,櫃,,,53.1,-0.4,-0.75,2049,110,53.5,53.9,54.2,52.9,2.43,42.5,3.19,,,,,
8097,常珵,櫃,,,54.3,0.1,+0.18,221,11.9,54.2,54.1,54.4,53.4,1.85,-,2.79,,,,,
8103,瀚荃,市,,,99.9,3.2,+3.31,11044,1136,96.7,96.8,106,94.8,11.6,29.2,2.61,,,,,
8112,至上,市,,,73.1,-0.8,-1.08,9451,701,73.9,73.8,75.4,73.1,3.11,43.3,2.38,,,,,
8131,福懋科,市,,,71.4,0.9,+1.28,10657,760,70.5,70.8,72.5,69.6,4.11,89.2,2.91,,,,,
8210,勤誠,市,,,918,9.0,+0.99,3903,3563,909,916,925,891,3.74,37.7,11.69,,,,,
8213,志超,市,,,38.7,0.6,+1.57,2939,114,38.1,38.35,39.35,37.75,4.2,15,0.7,,,,,
8222,寶一,市,,,40.05,-0.05,-0.12,286,11.5,40.1,40.4,40.45,39.8,1.62,65.7,3.14,,,,,
8255,朋程,櫃,,,131.5,1.5,+1.15,425,56.1,130,130,133.5,130,2.69,20.6,1.72,,,,,
8271,宇瞻,市,,,121.5,2.0,+1.67,6904,838,119.5,122,124,118,5.02,18.1,3.09,,,,,
8390,金益鼎,櫃,,,103,1.0,+0.98,1206,124,102,102,104,101.5,2.45,16.6,2.86,,,,,
8905,裕國,櫃,,,39.6,-0.05,-0.13,307,12.1,39.65,39.6,39.6,39.5,0.25,67.1,1.68,,,,,
9103,美德醫療-DR,市,,,5.85,0.3,+5.41,4431,26.1,5.55,5.9,6.05,5.76,5.23,,,,,,,
910322,康師傅-DR,市,,,26.85,0.15,+0.56,23,0.61,26.7,26.75,27,26.75,0.94,,,,,,,
910861,神州-DR,市,,,5.22,-0.02,-0.38,71,0.37,5.24,5.17,5.24,5.15,1.72,,,,,,,
912000,晨訊科-DR,市,,,2.67,-0.01,-0.37,984,2.62,2.68,2.69,2.69,2.65,1.49,,,,,,,
9906,欣巴巴,市,,,40.85,-0.3,-0.73,229,9.42,41.15,41.7,41.85,40.75,2.67,55.2,3.19,,,,,
9949,琉園,櫃,,,28.25,0.5,+1.8,172,4.81,27.75,27.75,28.35,27.75,2.16,5.9,2.15,,,,,
9950,萬國通,櫃,,,10.6,0.0,0,139,1.47,10.6,10.55,10.65,10.5,1.42,-,1.24,,,,,
9958,世紀鋼,市,,,127.5,-3.0,-2.3,1639,210,130.5,131.5,131.5,127.5,3.07,24.5,2.94,,,,,
