代號,名稱,成交,漲跌 價,漲跌 幅,持股 資料 週別,更新 日期,持張 ＞600 ≦800 (萬張),＞600 ≦800 增減 (張),＞600 ≦800 增減 (%),持張 ＞800 ≦1千 (萬張),＞800 ≦1千 增減 (張),＞800 ≦1千 增減 (%),持張 ＞1千 (萬張),＞1千 增減 (張),＞1千 增減 (%)
1101,台泥,23.0,-0.2,-0.86,26W01,01/02,9.89,-1381.0,-1.38,8.17,2463.0,3.11,361.0,21563.0,0.6
1102,亞泥,37.7,0.5,1.34,26W01,01/02,3.57,7.36,0.02,2.92,6.21,0.02,287.0,5557.0,0.19
1103,嘉泥,13.85,-0.1,-0.72,26W01,01/02,1.02,-37.6,-0.37,0.43,0.0,0.0,59.4,249.0,0.04
1216,統一,77.4,0.3,0.39,26W01,01/02,7.42,-1523.0,-2.01,6.3,1766.0,2.88,490.0,4066.0,0.08
1219,福壽,13.45,0.0,0.0,26W01,01/02,0.46,0.0,0.0,0.7,0.0,0.0,18.9,43.0,0.02
1220,台榮,12.5,0.05,0.4,26W01,01/02,0.37,0.0,0.0,0.44,0.0,0.0,10.8,98.0,0.09
1225,福懋油,28.55,0.05,0.18,26W01,01/02,0.22,157.0,7.84,0.16,-839.0,-34.1,20.9,29.6,0.01
1229,聯華,47.0,-0.55,-1.16,26W01,01/02,1.25,29.0,0.23,1.23,-14.0,-0.11,113.0,569.0,0.05
1236,宏亞,25.65,0.2,0.79,26W01,01/02,0.0,0.0,,0.28,0.0,0.0,6.8,106.0,0.16
1295,生合,86.3,1.3,1.53,26W01,01/02,0.22,0.0,0.0,0.19,4.0,0.21,1.42,3.0,0.02
1303,南亞,57.0,-3.2,-5.32,26W01,01/02,6.59,3301.0,5.27,5.22,-1705.0,-3.16,619.0,3937.0,0.06
1304,台聚,10.65,-0.45,-4.05,26W01,01/02,1.29,371.0,2.96,1.24,-1970.0,-13.7,67.7,1619.0,0.24
1308,亞聚,12.85,-0.3,-2.28,26W01,01/02,0.36,21.0,0.58,0.09,-999.0,-51.9,29.5,1591.0,0.54
1310,台苯,8.68,-0.18,-2.03,26W01,01/02,0.97,-837.0,-7.97,0.65,-78.0,-1.19,16.8,554.0,0.33
1319,東陽,97.7,0.7,0.72,26W01,01/02,0.75,16.2,0.22,0.65,858.0,15.3,47.9,2211.0,0.46
1321,大洋,35.0,-0.15,-0.43,26W01,01/02,0.83,0.0,0.0,1.17,2.0,0.02,12.2,16.0,0.01
1323,永裕,19.5,0.05,0.26,26W01,01/02,0.48,0.0,0.0,0.09,11.0,1.25,5.39,44.8,0.08
1324,地球,10.5,0.2,1.94,26W01,01/02,0.13,0.0,0.0,0.19,1.0,0.05,4.57,9.0,0.02
1326,台化,30.95,-1.15,-3.58,26W01,01/02,4.76,-2186.0,-4.39,3.48,767.0,2.26,456.0,2428.0,0.05
1337,再生-KY,4.79,-0.01,-0.21,26W01,01/02,0.68,-794.0,-10.5,0.35,0.0,0.0,10.4,1015.0,0.99
1338,廣華-KY,20.3,-0.3,-1.46,26W01,01/02,0.15,-709.0,-31.9,0.18,986.0,120.0,2.99,50.0,0.17
1409,新纖,14.75,-0.25,-1.67,26W01,01/02,1.39,-204.0,-1.44,1.16,762.0,7.0,98.6,270.0,0.03
1410,南染,34.45,0.15,0.44,26W01,01/02,0.15,0.0,0.0,0.18,0.0,0.0,4.15,4.99,0.01
1418,東華,19.95,0.1,0.5,26W01,01/02,0.12,0.0,0.0,0.18,0.0,0.0,3.37,3.98,0.01
1436,華友聯,65.0,0.1,0.15,26W01,01/02,0.14,0.0,0.0,0.37,9.0,0.24,14.6,188.0,0.13
1437,勤益控,34.5,-0.05,-0.14,26W01,01/02,1.03,-2.0,-0.02,0.85,0.0,0.0,13.2,181.0,0.14
1439,雋揚,29.35,-0.55,-1.84,26W01,01/02,0.22,6.0,0.27,0.17,0.0,0.0,7.02,12.0,0.02
1442,名軒,28.65,-0.9,-3.05,26W01,01/02,1.14,-117.0,-1.01,0.97,-1018.0,-9.46,29.1,238.0,0.08
1446,宏和,18.3,0.0,0.0,26W01,01/02,0.06,0.0,0.0,0.0,0.0,,8.91,10.9,0.01
1449,佳和,11.15,0.05,0.45,26W01,01/02,0.82,-10.0,-0.12,0.08,1.0,0.12,4.25,65.0,0.15
1452,宏益,11.75,0.0,0.0,26W01,01/02,0.54,0.0,0.0,0.43,4.0,0.09,4.85,13.4,0.03
1460,宏遠,6.39,0.01,0.16,26W01,01/02,1.19,-40.0,-0.34,1.66,22.0,0.13,42.4,1448.0,0.34
1463,強盛新,18.5,-0.05,-0.27,26W01,01/02,0.33,0.0,0.0,0.09,0.0,0.0,12.7,72.0,0.06
1464,得力,11.0,-0.05,-0.45,26W01,01/02,1.08,-11.0,-0.1,0.55,-985.0,-15.3,22.5,1107.0,0.49
1466,聚隆,14.1,-0.1,-0.7,26W01,01/02,0.26,-649.0,-20.0,0.1,0.0,0.0,6.96,202.0,0.29
1471,首利,8.83,0.05,0.57,26W01,01/02,0.19,0.0,0.0,0.0,0.0,,2.94,54.0,0.18
1472,三洋實業,88.1,0.1,0.11,26W01,01/02,0.15,0.0,0.0,0.1,-994.0,-49.8,3.63,1233.0,3.52
1473,台南,24.35,-0.45,-1.81,26W01,01/02,0.14,0.0,0.0,0.08,0.0,0.0,9.99,22.0,0.02
1474,弘裕,10.45,-0.2,-1.88,26W01,01/02,0.4,0.0,0.0,0.17,45.0,2.7,6.64,60.0,0.09
1503,士電,169.0,-1.0,-0.59,26W01,01/02,0.43,784.0,22.1,0.27,0.0,0.0,37.4,96.7,0.03
1513,中興電,148.5,-1.0,-0.67,26W01,01/02,0.67,-664.0,-9.03,0.64,-1747.0,-21.4,20.0,4507.0,2.3
1514,亞力,98.1,-1.4,-1.41,26W01,01/02,0.97,-702.0,-6.71,0.17,0.0,0.0,9.6,2179.0,2.32
1515,力山,27.3,-0.1,-0.36,26W01,01/02,0.3,3.0,0.1,0.72,16.7,0.23,7.79,52.0,0.07
1522,堤維西,45.7,-0.25,-0.54,26W01,01/02,0.53,-2193.0,-29.5,0.94,1608.0,20.6,17.2,155.0,0.09
1527,鑽全,32.55,-0.15,-0.46,26W01,01/02,0.27,-58.0,-2.11,0.08,0.0,0.0,3.45,183.0,0.53
1532,勤美,26.05,-0.2,-0.76,26W01,01/02,1.11,-765.0,-6.43,0.45,-140.0,-3.02,24.7,1000.0,0.41
1535,中宇,53.0,-0.2,-0.38,26W01,01/02,0.0,0.0,,0.0,0.0,,9.34,32.0,0.03
1537,廣隆,125.0,0.0,0.0,26W01,01/02,0.44,0.0,0.0,0.09,0.0,0.0,3.48,25.0,0.07
1540,喬福,23.1,0.2,0.87,26W01,01/02,0.13,0.0,0.0,0.19,3.0,0.16,1.98,5.0,0.03
1558,伸興,101.5,-1.0,-0.98,26W01,01/02,0.64,24.0,0.37,0.35,0.0,0.0,0.74,120.0,1.66
1560,中砂,407.0,10.5,2.65,26W01,01/02,0.53,-257.0,-4.6,0.55,62.8,1.17,7.75,155.0,0.2
1563,巧新,47.75,-1.25,-2.55,26W01,01/02,0.86,-25.7,-0.3,0.62,0.0,0.0,6.75,334.0,0.5
1565,精華,116.0,0.0,0.0,26W01,01/02,0.07,5.0,0.7,0.1,0.0,0.0,0.46,50.0,1.09
1568,倉佑,22.3,-0.25,-1.11,26W01,01/02,0.13,1.0,0.08,0.26,0.0,0.0,5.78,12.0,0.02
1569,濱川,55.3,1.3,2.41,26W01,01/02,0.14,-2.0,-0.14,0.09,0.0,0.0,5.28,18.0,0.03
1570,力肯,32.0,0.05,0.16,26W01,01/02,0.07,0.0,0.0,0.08,0.0,0.0,2.32,5.0,0.02
1582,信錦,66.0,-0.4,-0.6,26W01,01/02,0.36,191.0,5.67,0.17,-837.0,-32.5,3.53,128.0,0.36
1583,程泰,44.5,0.35,0.79,26W01,01/02,0.0,0.0,,0.09,0.0,0.0,9.79,562.0,0.58
1584,精剛,22.75,-0.45,-1.94,26W01,01/02,0.49,-201.0,-3.98,0.28,1.0,0.04,7.87,1961.0,2.55
1590,亞德客-KY,956.0,26.0,2.8,26W01,01/02,1.36,684.0,5.29,0.62,-29.8,-0.48,10.7,63.0,0.06
1597,直得,73.0,1.0,1.39,26W01,01/02,0.06,0.0,0.0,0.36,4.32,0.12,3.54,4.0,0.01
1598,岱宇,20.6,-0.1,-0.48,26W01,01/02,0.62,11.0,0.18,0.36,0.0,0.0,8.77,266.0,0.3
1604,聲寶,24.3,-0.1,-0.41,26W01,01/02,0.48,-1294.0,-21.1,0.37,0.0,0.0,20.4,51.6,0.03
1702,南僑,39.05,-0.15,-0.38,26W01,01/02,0.26,0.0,0.0,0.26,-1809.0,-41.4,16.3,1013.0,0.63
1708,東鹼,32.05,-0.1,-0.31,26W01,01/02,0.56,-1327.0,-19.1,0.44,-12.0,-0.27,9.19,850.0,0.93
1709,和益,16.6,-0.05,-0.3,26W01,01/02,1.47,-617.0,-4.02,1.17,-13.0,-0.11,24.5,26.9,0.01
1710,東聯,12.25,-0.2,-1.61,26W01,01/02,1.19,21.0,0.18,1.54,-855.0,-5.26,51.7,148.0,0.03
1712,興農,44.1,0.35,0.8,26W01,01/02,1.42,-670.0,-4.49,1.28,-1005.0,-7.29,19.6,1598.0,0.82
1717,長興,41.95,1.05,2.57,26W01,01/02,2.39,1229.0,5.41,2.71,-1033.0,-3.67,71.2,2435.0,0.34
1718,中纖,6.75,-0.11,-1.6,26W01,01/02,2.83,-23.0,-0.08,2.68,0.0,0.0,82.6,1878.0,0.23
1721,三晃,17.35,0.85,5.15,26W01,01/02,0.56,648.0,13.2,0.26,838.0,47.8,5.99,3146.0,5.54
1722,台肥,47.55,-0.25,-0.52,26W01,01/02,1.5,-2173.0,-12.7,1.06,807.0,8.24,61.7,1898.0,0.31
1733,五鼎,30.55,0.1,0.33,26W01,01/02,0.5,-803.0,-13.8,0.28,-13.0,-0.47,2.93,1050.0,3.71
1734,杏輝,30.5,0.0,0.0,26W01,01/02,0.49,-26.0,-0.53,0.17,0.0,0.0,6.96,27.0,0.04
1736,喬山,148.5,-2.5,-1.66,26W01,01/02,0.85,63.6,0.75,0.33,0.0,0.0,25.5,45.0,0.02
1742,台蠟,14.95,1.35,9.93,26W01,01/02,0.55,-64.0,-1.15,0.08,0.0,0.0,6.59,545.0,0.83
1781,合世,11.0,-0.05,-0.45,26W01,01/02,0.07,0.0,0.0,0.18,-21.0,-1.14,1.38,10.0,0.07
1783,和康生,42.8,0.0,0.0,26W01,01/02,0.28,-5.0,-0.18,0.27,3.0,0.11,4.85,30.0,0.06
1786,科妍,73.0,0.4,0.55,26W01,01/02,0.26,-689.0,-20.8,0.09,66.0,7.56,2.85,173.0,0.61
1805,寶徠,11.95,-0.15,-1.24,26W01,01/02,0.21,0.0,0.0,0.38,2.0,0.05,9.19,183.0,0.2
1808,潤隆,33.5,-0.6,-1.76,26W01,01/02,0.55,61.4,1.13,0.37,-1766.0,-32.4,68.9,151.0,0.02
1809,中釉,18.0,0.55,3.15,26W01,01/02,0.23,-1215.0,-34.3,0.09,-972.0,-51.3,7.84,878.0,1.13
1810,和成,17.6,0.05,0.28,26W01,01/02,0.48,-621.0,-11.5,0.43,-94.7,-2.17,18.4,1194.0,0.65
1815,富喬,90.7,-3.7,-3.92,26W01,01/02,1.06,2025.0,23.7,1.01,5667.0,128.0,25.6,32943.0,14.8
1903,士紙,54.2,0.3,0.56,26W01,01/02,0.35,-661.0,-15.8,0.74,0.0,0.0,19.5,60.0,0.03
2002,中鋼,18.75,-0.25,-1.32,26W01,01/02,13.4,-1095.0,-0.81,10.0,4453.0,4.65,805.0,43852.0,0.55
2008,高興昌,29.05,-0.05,-0.17,26W01,01/02,0.0,0.0,,0.1,0.0,0.0,17.2,31.4,0.02
2009,第一銅,48.6,0.35,0.73,26W01,01/02,0.14,-1456.0,-51.1,0.26,44.0,1.72,20.2,703.0,0.35
2012,春雨,16.8,-0.15,-0.88,26W01,01/02,0.92,-1.0,-0.01,0.51,0.0,0.0,22.7,76.2,0.03
2014,中鴻,15.65,-0.1,-0.63,26W01,01/02,1.2,-2159.0,-15.3,1.12,-192.0,-1.68,65.2,2639.0,0.41
2020,美亞,23.6,-0.2,-0.84,26W01,01/02,0.48,632.0,15.2,0.55,-802.0,-12.7,11.9,1210.0,1.03
2022,聚亨,8.12,-0.13,-1.58,26W01,01/02,0.41,42.0,1.04,0.18,0.0,0.0,11.8,58.0,0.05
2024,志聯,17.5,0.0,0.0,26W01,01/02,0.07,0.0,0.0,0.0,0.0,,7.85,28.0,0.04
2030,彰源,14.55,-0.25,-1.69,26W01,01/02,0.29,0.0,0.0,0.45,0.0,0.0,10.9,80.0,0.07
2032,新鋼,15.3,-0.05,-0.33,26W01,01/02,0.44,-610.0,-12.3,0.09,0.0,0.0,6.25,76.4,0.12
2034,允強,20.9,-0.5,-2.34,26W01,01/02,0.76,-392.0,-4.9,0.63,-983.0,-13.4,22.3,3431.0,1.56
2038,海光,14.5,-0.05,-0.34,26W01,01/02,0.21,5.0,0.24,0.1,0.0,0.0,9.76,208.0,0.21
2049,上銀,196.0,2.0,1.03,26W01,01/02,1.12,-545.0,-4.66,0.8,-61.4,-0.76,18.5,566.0,0.31
2059,川湖,3460.0,-290.0,-7.73,26W01,01/02,0.28,0.0,0.0,0.25,-26.7,-1.04,5.43,39.5,0.07
2063,世鎧,24.3,0.05,0.21,26W01,01/02,0.37,-676.0,-15.5,0.09,0.0,0.0,1.88,823.0,4.58
2065,世豐,28.65,0.0,0.0,26W01,01/02,0.14,0.0,0.0,0.1,0.0,0.0,2.7,370.0,1.39
2069,運錩,18.4,-0.05,-0.27,26W01,01/02,0.61,-122.0,-1.95,0.17,0.0,0.0,8.73,130.0,0.15
2101,南港,37.45,0.2,0.54,26W01,01/02,1.06,-810.0,-7.12,0.44,-3752.0,-46.0,43.3,3905.0,0.91
2103,台橡,15.0,-0.5,-3.23,26W01,01/02,0.79,-1507.0,-16.1,0.63,0.0,0.0,43.2,688.0,0.16
2107,厚生,24.65,0.0,0.0,26W01,01/02,0.34,-7.0,-0.2,0.46,8.0,0.17,15.9,89.4,0.06
2108,南帝,23.2,-0.25,-1.07,26W01,01/02,0.83,-61.0,-0.73,1.28,-892.0,-6.5,31.9,1141.0,0.36
2109,華豐,15.0,0.05,0.33,26W01,01/02,0.5,6.0,0.12,0.64,0.0,0.0,18.6,39.0,0.02
2207,和泰車,546.0,-4.0,-0.73,26W01,01/02,1.15,-199.0,-1.7,0.55,-31.0,-0.57,46.8,1707.0,0.37
2208,台船,19.95,-0.05,-0.25,26W01,01/02,1.51,501.0,3.42,1.14,806.0,7.6,64.3,560.0,0.09
2230,泰茂,92.9,1.0,1.09,26W01,01/02,0.22,-665.0,-23.1,0.44,-25.9,-0.59,2.39,12.8,0.05
2231,為升,93.3,0.4,0.43,26W01,01/02,0.07,-631.0,-47.2,0.18,-1.0,-0.06,8.08,31.7,0.04
2233,宇隆,225.5,6.5,2.97,26W01,01/02,0.42,-578.0,-12.1,0.1,0.0,0.0,2.34,212.0,0.91
2241,艾姆勒,37.2,0.55,1.5,26W01,01/02,0.0,-738.0,-100.0,0.46,936.0,25.9,3.06,369.0,1.22
2301,光寶科,167.0,3.5,2.14,26W01,01/02,3.22,312.0,0.98,3.17,-4598.0,-12.7,172.0,2572.0,0.15
2303,聯電,48.7,-0.55,-1.12,26W01,01/02,7.67,61.5,0.08,7.36,-1705.0,-2.26,892.0,3329.0,0.04
2308,台達電,995.0,32.0,3.32,26W01,01/02,4.99,274.0,0.55,5.94,2267.0,3.96,198.0,2161.0,0.11
2312,金寶,22.95,0.55,2.46,26W01,01/02,2.86,1961.0,7.36,1.52,-1835.0,-10.8,70.0,1692.0,0.24
2316,楠梓電,101.0,-2.0,-1.94,26W01,01/02,0.21,79.6,4.01,0.35,797.0,29.0,10.5,343.0,0.33
2317,鴻海,232.0,1.5,0.65,26W01,01/02,11.6,1407.0,1.23,12.4,682.0,0.55,926.0,11218.0,0.12
2323,中環,11.1,0.3,2.78,26W01,01/02,2.11,-1174.0,-5.28,1.37,93.9,0.69,39.9,3901.0,0.99
2324,仁寶,30.8,0.4,1.32,26W01,01/02,5.96,1732.0,2.99,5.66,-699.0,-1.22,288.0,11715.0,0.41
2329,華泰,55.9,-0.1,-0.18,26W01,01/02,0.93,2069.0,28.8,0.53,-1003.0,-15.9,32.7,97869.0,42.8
2330,台積電,1585.0,35.0,2.26,26W01,01/02,22.1,1131.0,0.51,20.8,-682.0,-0.33,2244.0,30935.0,0.14
2332,友訊,14.95,-0.1,-0.66,26W01,01/02,1.3,-742.0,-5.39,0.55,-46.0,-0.83,22.3,651.0,0.29
2337,旺宏,43.35,3.9,9.89,26W01,01/02,3.3,-321.0,-0.96,2.27,2181.0,10.6,72.7,40579.0,5.91
2338,光罩,35.95,0.6,1.7,26W01,01/02,0.43,-1336.0,-23.6,0.35,27.0,0.78,14.7,61.3,0.04
2345,智邦,1145.0,-40.0,-3.38,26W01,01/02,2.26,-1529.0,-6.34,1.92,838.0,4.58,31.1,982.0,0.32
2349,錸德,14.85,-0.45,-2.94,26W01,01/02,1.63,-1211.0,-6.9,1.13,17.0,0.15,13.8,251.0,0.18
2351,順德,76.7,-0.9,-1.16,26W01,01/02,0.77,1133.0,17.3,0.46,-851.0,-15.5,9.24,189.0,0.2
2354,鴻準,61.5,-0.2,-0.32,26W01,01/02,1.34,-113.0,-0.84,0.71,-1989.0,-22.0,65.7,3328.0,0.51
2356,英業達,44.55,1.65,3.85,26W01,01/02,2.81,71.6,0.26,2.38,-2777.0,-10.5,237.0,4398.0,0.19
2359,所羅門,129.0,3.5,2.79,26W01,01/02,0.29,775.0,36.7,0.54,-1785.0,-24.7,6.52,286.0,0.44
2363,矽統,46.7,0.1,0.21,26W01,01/02,0.65,239.0,3.81,0.44,-792.0,-15.3,14.0,895.0,0.64
2368,金像電,643.0,-44.0,-6.4,26W01,01/02,1.35,-2096.0,-13.4,1.13,-2926.0,-20.5,35.1,3140.0,0.9
2376,技嘉,259.0,9.5,3.81,26W01,01/02,0.96,-68.7,-0.71,1.12,-2456.0,-18.0,40.3,2568.0,0.64
2380,虹光,4.62,-0.06,-1.28,26W01,01/02,0.28,0.0,0.0,0.45,0.0,0.0,7.96,8.0,0.01
2383,台光電,1590.0,-55.0,-3.34,26W01,01/02,1.43,807.0,5.99,1.78,-1684.0,-8.66,20.1,28.9,0.01
2387,精元,38.5,0.0,0.0,26W01,01/02,0.36,97.9,2.82,0.62,-1022.0,-14.1,9.99,123.0,0.12
2397,友通,61.0,0.2,0.33,26W01,01/02,0.06,0.0,0.0,0.08,-9.0,-1.1,8.22,13.0,0.02
2399,映泰,27.3,1.15,4.4,26W01,01/02,0.29,0.84,0.03,0.18,-863.0,-32.4,3.08,2449.0,8.63
2401,凌陽,20.2,0.3,1.51,26W01,01/02,0.7,49.0,0.7,0.84,-2552.0,-23.3,17.2,1193.0,0.7
2404,漢唐,960.0,11.0,1.16,26W01,01/02,0.83,-1519.0,-15.5,0.62,882.0,16.6,8.09,511.0,0.64
2405,輔信,18.0,0.2,1.12,26W01,01/02,0.63,-1336.0,-17.5,0.45,754.0,20.1,6.52,336.0,0.52
2412,中華電,132.0,1.5,1.15,26W01,01/02,4.52,68.6,0.15,4.48,-796.0,-1.75,596.0,3019.0,0.05
2413,環科,46.1,0.5,1.1,26W01,01/02,0.15,781.0,111.0,0.26,-817.0,-24.2,6.62,68.0,0.1
2424,隴華,36.65,1.25,3.53,26W01,01/02,0.0,0.0,,0.1,0.0,0.0,5.08,87.0,0.17
2438,翔耀,21.6,0.15,0.7,26W01,01/02,0.21,0.0,0.0,0.38,-895.0,-19.0,2.93,784.0,2.75
2440,太空梭,14.45,-0.15,-1.03,26W01,01/02,0.08,0.0,0.0,0.0,0.0,,9.14,160.0,0.18
2441,超豐,90.2,1.2,1.35,26W01,01/02,1.12,263.0,2.41,1.26,-115.0,-0.9,39.8,890.0,0.22
2449,京元電子,267.5,20.0,8.08,26W01,01/02,2.95,-890.0,-2.92,2.29,870.0,3.95,82.5,11732.0,1.44
2454,聯發科,1470.0,40.0,2.8,26W01,01/02,5.99,114.0,0.19,3.94,-1964.0,-4.74,106.0,3466.0,0.33
2455,全新,150.5,-1.0,-0.66,26W01,01/02,0.57,-640.0,-10.1,0.61,750.0,14.1,8.55,3117.0,3.78
2460,建通,22.1,2.0,9.95,26W01,01/02,0.36,0.0,0.0,0.08,0.0,0.0,9.59,83.0,0.09
2464,盟立,63.5,1.6,2.58,26W01,01/02,0.19,604.0,46.1,0.09,-980.0,-53.0,5.66,1042.0,1.87
2467,志聖,270.0,19.5,7.78,26W01,01/02,0.78,2738.0,54.2,0.18,-846.0,-31.6,9.41,1594.0,1.72
2472,立隆電,117.5,10.5,9.81,26W01,01/02,0.54,846.0,18.6,0.46,-80.2,-1.71,7.28,755.0,1.05
2480,敦陽科,152.5,1.5,0.99,26W01,01/02,0.42,-604.0,-12.6,0.18,2.0,0.11,2.24,27.0,0.12
2481,強茂,79.9,-0.2,-0.25,26W01,01/02,1.03,225.0,2.24,0.56,-2713.0,-32.7,16.1,550.0,0.34
2485,兆赫,25.55,-0.85,-3.22,26W01,01/02,0.8,-587.0,-6.85,0.19,982.0,109.0,6.92,1451.0,2.14
2486,一詮,96.1,2.2,2.34,26W01,01/02,0.49,850.0,21.1,0.27,-92.2,-3.34,7.35,1107.0,1.53
2488,漢平,46.1,0.2,0.44,26W01,01/02,0.14,0.0,0.0,0.0,0.0,,3.23,16.0,0.05
2489,瑞軒,15.4,0.25,1.65,26W01,01/02,1.16,-2859.0,-19.7,0.9,1723.0,23.8,17.3,1547.0,0.9
2491,吉祥全,19.4,-0.5,-2.51,26W01,01/02,0.21,-7.0,-0.33,0.18,0.0,0.0,5.33,10.0,0.02
2492,華新科,124.5,7.5,6.41,26W01,01/02,0.47,-857.0,-15.4,0.55,64.2,1.18,24.3,2439.0,1.02
2501,國建,23.3,-0.1,-0.43,26W01,01/02,1.08,-2272.0,-17.4,1.33,1090.0,8.9,83.8,505.0,0.06
2505,國揚,20.0,0.0,0.0,26W01,01/02,0.94,-7.0,-0.07,0.26,-842.0,-24.2,28.3,1304.0,0.46
2506,太設,9.28,-0.06,-0.64,26W01,01/02,0.7,8.0,0.11,0.36,0.0,0.0,27.5,91.0,0.03
2514,龍邦,15.1,-0.05,-0.33,26W01,01/02,0.55,-6.0,-0.11,0.35,-11.2,-0.32,33.8,69.0,0.02
2515,中工,12.9,0.1,0.78,26W01,01/02,2.79,6148.0,28.3,2.35,-2479.0,-9.55,82.4,40339.0,5.15
2527,宏璟,29.25,0.2,0.69,26W01,01/02,0.47,1241.0,35.8,0.09,0.0,0.0,19.9,54.0,0.03
2534,宏盛,20.8,0.0,0.0,26W01,01/02,1.55,687.0,4.63,1.08,-874.0,-7.47,31.3,207.0,0.07
2537,聯上發,11.6,-0.35,-2.93,26W01,01/02,0.55,-1396.0,-20.2,0.8,894.0,12.6,13.7,901.0,0.66
2539,櫻花建,48.0,-0.5,-1.03,26W01,01/02,0.83,681.0,8.99,0.63,-1746.0,-21.6,102.0,1075.0,0.11
2542,興富發,39.25,-0.95,-2.36,26W01,01/02,2.28,20.0,0.09,2.21,93.4,0.42,123.0,7378.0,0.61
2543,皇昌,60.5,0.4,0.67,26W01,01/02,0.64,-119.0,-1.83,0.54,5.0,0.09,37.7,202.0,0.05
2545,皇翔,39.0,-0.15,-0.38,26W01,01/02,0.2,0.0,0.0,0.17,0.0,0.0,28.3,35.0,0.01
2548,華固,115.0,-1.5,-1.29,26W01,01/02,1.15,44.0,0.38,1.19,-844.0,-6.63,14.8,1759.0,1.2
2596,綠意,38.8,0.0,0.0,26W01,01/02,0.43,63.0,1.48,0.57,0.0,0.0,5.66,40.0,0.07
2597,潤弘,167.5,-0.5,-0.3,26W01,01/02,0.41,-840.0,-17.1,0.44,-842.0,-16.1,23.0,1072.0,0.47
2603,長榮,193.0,3.0,1.58,26W01,01/02,3.57,1318.0,3.83,3.01,-1011.0,-3.25,130.0,12871.0,1.0
2606,裕民,60.4,0.0,0.0,26W01,01/02,0.49,756.0,18.1,0.64,-1858.0,-22.6,57.8,2203.0,0.38
2609,陽明,56.0,0.3,0.54,26W01,01/02,3.33,3575.0,12.0,3.05,201.0,0.66,192.0,15798.0,0.83
2610,華航,20.25,0.05,0.25,26W01,01/02,5.45,-116.0,-0.21,6.23,5777.0,10.2,399.0,22920.0,0.58
2613,中櫃,24.05,0.4,1.69,26W01,01/02,0.2,0.0,0.0,0.0,0.0,,7.31,9.0,0.01
2618,長榮航,36.5,-0.05,-0.14,26W01,01/02,6.71,2683.0,4.16,4.3,-74.2,-0.17,372.0,9644.0,0.26
2633,台灣高鐵,28.0,0.0,0.0,26W01,01/02,3.39,-2038.0,-5.67,4.17,841.0,2.06,477.0,3414.0,0.07
2636,台驊控股,67.1,0.1,0.15,26W01,01/02,0.27,-1519.0,-35.7,0.27,867.0,46.2,4.72,219.0,0.47
2637,慧洋-KY,67.8,-0.1,-0.15,26W01,01/02,1.39,-1975.0,-12.5,1.32,-1812.0,-12.1,53.7,5379.0,1.01
2640,大車隊,135.5,-8.0,-5.57,26W01,01/02,0.43,7.0,0.16,0.1,0.0,0.0,3.51,45.0,0.13
2705,六福,16.55,-0.05,-0.3,26W01,01/02,0.36,0.0,0.0,0.35,0.0,0.0,11.1,74.0,0.07
2723,美食-KY,69.8,-1.0,-1.41,26W01,01/02,0.13,-617.0,-31.7,0.38,14.0,0.37,11.3,356.0,0.32
2732,六角,69.6,-0.9,-1.28,26W01,01/02,0.0,0.0,,0.0,0.0,,2.47,25.0,0.1
2736,富野,14.55,0.05,0.34,26W01,01/02,0.07,0.0,0.0,0.54,0.0,0.0,3.71,58.6,0.16
2753,八方雲集,190.0,-0.5,-0.26,26W01,01/02,0.5,247.0,5.17,0.17,0.0,0.0,3.25,469.0,1.47
2820,華票,16.85,-0.05,-0.3,26W01,01/02,1.71,-677.0,-3.81,0.87,16.0,0.18,84.0,178.0,0.02
2838,聯邦銀,19.55,0.2,1.03,26W01,01/02,1.6,-2181.0,-12.0,1.96,705.0,3.73,387.0,2062.0,0.05
2845,遠東銀,12.85,0.0,0.0,26W01,01/02,7.09,-667.0,-0.93,6.82,-5691.0,-7.71,332.0,5102.0,0.15
2851,中再保,26.25,0.0,0.0,26W01,01/02,1.06,611.0,6.14,1.28,145.0,1.15,51.3,753.0,0.15
2867,三商壽,8.01,0.01,0.12,26W01,01/02,7.64,-7666.0,-9.12,6.82,4949.0,7.82,443.0,31275.0,0.71
2881A,富邦特,63.4,0.1,0.16,26W01,01/02,0.63,22.0,0.35,0.28,0.0,0.0,52.6,86.0,0.02
2881B,富邦金乙特,61.7,0.0,0.0,26W01,01/02,0.59,0.0,0.0,0.56,-958.0,-14.7,61.4,943.0,0.15
2882,國泰金,75.2,-0.6,-0.79,26W01,01/02,10.0,785.0,0.79,9.58,-2612.0,-2.65,1212.0,6959.0,0.06
2882A,國泰特,60.9,0.2,0.33,26W01,01/02,0.19,-615.0,-24.0,0.56,-905.0,-13.9,77.6,1111.0,0.14
2883,凱基金,17.2,-0.05,-0.29,26W01,01/02,22.8,1317.0,0.58,16.3,-2699.0,-1.63,993.0,13845.0,0.14
2884,玉山金,34.1,0.35,1.04,26W01,01/02,23.2,-2153.0,-0.92,17.1,-144.0,-0.08,1075.0,39500.0,0.37
2887E,台新新光戊特一,50.3,0.0,0.0,26W01,01/02,0.32,0.0,0.0,0.47,0.0,0.0,42.3,150.0,0.04
2887H,台新新光庚特二,39.35,0.05,0.13,26W01,01/02,0.41,0.0,0.0,0.34,0.0,0.0,14.0,83.0,0.06
2887I,台新新光辛特,9.32,-0.01,-0.11,26W01,01/02,6.41,2319.0,3.75,4.92,-2414.0,-4.68,198.0,2275.0,0.11
2887Z1,台新新光己特,16.55,0.0,0.0,26W01,01/02,0.27,0.0,0.0,0.26,0.0,0.0,26.0,77.0,0.03
2889,國票金,16.1,-0.45,-2.72,26W01,01/02,3.95,-2.0,-0.01,2.41,887.0,3.82,259.0,2870.0,0.11
2891,中信金,50.8,0.6,1.2,26W01,01/02,18.1,1908.0,1.06,12.6,-937.0,-0.74,1550.0,7133.0,0.05
2908,特力,20.3,0.0,0.0,26W01,01/02,0.41,-65.0,-1.56,0.38,0.0,0.0,45.1,305.0,0.07
2915,潤泰全,54.6,-0.5,-0.91,26W01,01/02,1.81,-228.0,-1.24,1.36,-1677.0,-11.0,69.9,838.0,0.12
2929,淘帝-KY,7.82,-0.1,-1.26,26W01,01/02,0.21,-651.0,-24.0,0.0,0.0,,2.53,20.0,0.08
3003,健和興,47.7,-0.95,-1.95,26W01,01/02,0.41,3.0,0.07,0.18,-5.0,-0.28,7.65,159.0,0.21
3004,豐達科,110.0,6.5,6.28,26W01,01/02,0.2,647.0,47.5,0.0,-961.0,-100.0,3.23,4951.0,18.1
3006,晶豪科,129.5,11.5,9.75,26W01,01/02,0.96,697.0,7.87,0.44,-3723.0,-45.7,12.3,20236.0,19.8
3008,大立光,2585.0,90.0,3.61,26W01,01/02,0.56,537.0,10.5,0.27,0.0,0.0,6.44,1685.0,2.69
3016,嘉晶,54.9,3.8,7.44,26W01,01/02,0.21,-43.0,-1.98,0.35,-5.0,-0.14,19.5,22.4,0.01
3017,奇鋐,1455.0,-55.0,-3.64,26W01,01/02,1.53,-1440.0,-8.6,1.08,-1020.0,-8.66,21.3,3658.0,1.75
3027,盛達,22.65,-0.1,-0.44,26W01,01/02,0.64,651.0,11.3,0.19,0.0,0.0,4.94,14003.0,39.6
3032,偉訓,77.9,0.6,0.78,26W01,01/02,0.06,-14.0,-2.12,0.18,-4.0,-0.22,5.27,64.8,0.12
3033,威健,31.3,0.85,2.79,26W01,01/02,0.89,623.0,7.5,0.92,-835.0,-8.36,13.0,1646.0,1.28
3035,智原,170.5,0.0,0.0,26W01,01/02,0.5,-55.0,-1.09,0.19,-28.0,-1.46,6.45,756.0,1.19
3036A,文曄甲特,51.4,0.0,0.0,26W01,01/02,0.55,-758.0,-12.1,0.38,-1000.0,-20.8,8.35,1036.0,1.26
3038,全台,23.6,0.25,1.07,26W01,01/02,0.56,-661.0,-10.6,0.52,-11.0,-0.21,4.52,575.0,1.29
3040,遠見,52.6,-2.2,-4.01,26W01,01/02,0.0,0.0,,0.08,-1000.0,-55.4,4.13,1277.0,3.19
3043,科風,22.0,0.6,2.8,26W01,01/02,0.07,0.0,0.0,0.09,0.0,0.0,0.32,160.0,5.22
3045,台灣大,108.0,-0.5,-0.46,26W01,01/02,2.4,-878.0,-3.53,2.71,53.3,0.2,334.0,11489.0,0.35
3047,訊舟,18.15,0.0,0.0,26W01,01/02,0.33,-170.0,-4.84,0.0,-918.0,-100.0,3.42,1415.0,4.32
3049,精金,6.1,-0.06,-0.97,26W01,01/02,1.58,2519.0,18.9,0.98,-171.0,-1.71,36.7,3923.0,1.08
3050,鈺德,13.2,-0.35,-2.58,26W01,01/02,0.42,1367.0,47.8,0.26,-13.0,-0.49,6.84,28.0,0.04
3054,立萬利,31.9,-0.55,-1.69,26W01,01/02,0.07,0.0,0.0,0.1,0.0,0.0,6.95,81.0,0.12
3055,蔚華科,78.5,0.7,0.9,26W01,01/02,0.29,750.0,35.3,0.16,-886.0,-35.1,7.24,436.0,0.61
3056,富華新,17.85,-0.15,-0.83,26W01,01/02,0.86,-2016.0,-18.9,1.01,817.0,8.76,10.9,1463.0,1.37
3128,昇銳,29.0,-0.85,-2.85,26W01,01/02,0.14,7.0,0.51,0.19,10.0,0.53,1.1,26.0,0.24
3147,大綜,165.5,0.5,0.3,26W01,01/02,0.07,0.0,0.0,0.08,5.63,0.69,2.07,11.0,0.05
3167,大量,231.5,-12.5,-5.12,26W01,01/02,0.62,-809.0,-11.5,0.28,1816.0,182.0,3.57,2713.0,8.23
3176,基亞,32.7,0.3,0.93,26W01,01/02,0.14,0.0,0.0,0.09,10.0,1.07,3.93,8.0,0.02
3188,鑫龍騰,29.7,-0.45,-1.49,26W01,01/02,0.21,1.0,0.05,0.56,0.0,0.0,12.9,118.0,0.09
3189,景碩,156.0,-3.0,-1.89,26W01,01/02,1.05,-967.0,-8.44,0.92,3579.0,64.1,30.0,9029.0,3.1
3206,志豐,32.1,0.2,0.63,26W01,01/02,0.21,2.0,0.1,0.27,0.0,0.0,2.47,50.0,0.2
3209,全科,31.9,0.25,0.79,26W01,01/02,0.56,-6.0,-0.11,0.61,-29.5,-0.48,6.24,7.0,0.01
3213,茂訊,105.0,1.5,1.45,26W01,01/02,0.0,0.0,,0.09,0.0,0.0,0.97,16.0,0.17
3221,台嘉碩,22.9,2.05,9.83,26W01,01/02,0.58,0.0,0.0,0.35,0.0,0.0,1.44,2.0,0.01
3230,錦明,37.05,-0.45,-1.2,26W01,01/02,0.13,0.0,0.0,0.26,-6.0,-0.23,4.97,97.0,0.2
3231,緯創,155.0,4.5,2.99,26W01,01/02,4.97,-2234.0,-4.3,3.31,2916.0,9.67,193.0,35064.0,1.85
3252,海灣,19.5,-0.2,-1.02,26W01,01/02,0.2,0.0,0.0,0.1,0.0,0.0,3.34,45.0,0.13
3260,威剛,280.5,1.0,0.36,26W01,01/02,1.0,-72.7,-0.72,1.49,279.0,1.91,16.4,14469.0,9.67
3264,欣銓,126.5,2.0,1.61,26W01,01/02,1.44,2101.0,17.1,1.11,2503.0,29.0,30.7,16214.0,5.58
3296,勝德,24.3,0.3,1.25,26W01,01/02,0.12,0.0,0.0,0.08,0.0,0.0,6.97,111.0,0.16
3303,岱稜,44.4,-0.25,-0.56,26W01,01/02,0.19,0.0,0.0,0.28,27.0,0.97,3.43,29.0,0.08
3312,弘憶股,38.3,3.45,9.9,26W01,01/02,0.07,-1455.0,-66.8,0.08,808.0,,7.95,90.0,0.11
3313,斐成,14.9,0.2,1.36,26W01,01/02,0.34,-10.0,-0.29,0.0,0.0,,15.9,70.0,0.04
3321,同泰,18.6,1.65,9.73,26W01,01/02,0.45,3702.0,485.0,0.18,1807.0,,3.0,9370.0,45.5
3324,雙鴻,1000.0,-10.0,-0.99,26W01,01/02,0.49,-579.0,-10.5,0.37,0.0,0.0,3.6,6.79,0.02
3360,尚立,15.2,1.35,9.75,26W01,01/02,0.21,0.0,0.0,0.08,-841.0,-51.0,1.57,1094.0,7.49
3362,先進光,93.1,-0.1,-0.11,26W01,01/02,0.55,-1241.0,-18.4,0.56,-855.0,-13.3,7.13,1344.0,1.92
3363,上詮,453.5,-4.0,-0.87,26W01,01/02,0.42,68.5,1.65,0.18,13.0,0.74,3.74,376.0,1.02
3373,熱映,17.8,0.1,0.56,26W01,01/02,0.07,0.0,0.0,0.0,0.0,,1.17,43.0,0.37
3390,旭軟,25.0,0.15,0.6,26W01,01/02,0.34,-837.0,-19.9,0.17,-144.0,-7.74,1.66,1086.0,6.99
3402,漢科,142.5,8.0,5.95,26W01,01/02,0.13,627.0,91.2,0.28,937.0,51.1,1.93,67.6,0.35
3406,玉晶光,437.5,-12.0,-2.67,26W01,01/02,0.49,674.0,16.0,0.36,-46.4,-1.26,4.24,296.0,0.7
3416,融程電,150.0,0.5,0.33,26W01,01/02,0.07,0.0,0.0,0.27,-13.7,-0.52,4.12,14.0,0.03
3419,譁裕,13.2,0.15,1.15,26W01,01/02,0.21,0.0,0.0,0.08,0.0,0.0,2.9,273.0,0.95
3434,哲固,29.9,-0.2,-0.66,26W01,01/02,0.29,0.0,0.0,0.08,0.0,0.0,0.89,131.0,1.49
3443,創意,2185.0,60.0,2.82,26W01,01/02,0.47,-3361.0,-41.8,0.35,827.0,31.2,7.3,1113.0,1.55
3450,聯鈞,273.0,3.0,1.11,26W01,01/02,0.34,1120.0,48.7,0.26,-875.0,-25.2,3.14,2107.0,7.19
3479,安勤,92.0,0.6,0.66,26W01,01/02,0.2,-57.2,-2.73,0.17,0.0,0.0,2.41,20.0,0.08
3483,力致,93.3,-0.9,-0.96,26W01,01/02,0.33,-1563.0,-32.0,0.37,842.0,29.8,1.11,291.0,2.68
3491,昇達科,701.0,22.0,3.24,26W01,01/02,0.82,767.0,10.4,0.18,-956.0,-34.5,1.39,109.0,0.79
3504,揚明光,52.0,1.4,2.77,26W01,01/02,0.27,-51.0,-1.88,0.08,0.0,0.0,6.62,493.0,0.75
3508,位速,24.0,0.1,0.42,26W01,01/02,0.29,25.0,0.88,0.17,0.0,0.0,3.02,136.0,0.45
3512,皇龍,21.85,-0.05,-0.23,26W01,01/02,0.13,27.0,2.05,0.36,0.0,0.0,7.2,12.0,0.02
3518,柏騰,21.55,0.3,1.41,26W01,01/02,0.36,4.0,0.11,0.27,-872.0,-24.4,3.03,6113.0,25.3
3526,凡甲,243.0,-1.0,-0.41,26W01,01/02,0.35,37.0,1.06,0.19,28.0,1.48,2.15,5.18,0.02
3531,先益,21.8,0.0,0.0,26W01,01/02,0.57,5.0,0.09,0.17,0.0,0.0,3.71,8.0,0.02
3543,州巧,42.65,0.9,2.16,26W01,01/02,0.46,-132.0,-2.78,0.08,-1801.0,-68.1,3.5,765.0,2.24
3546,宇峻,78.5,0.9,1.16,26W01,01/02,0.26,-5.0,-0.19,0.0,0.0,,1.45,24.8,0.17
3548,兆利,90.0,-0.1,-0.11,26W01,01/02,0.2,2.0,0.1,0.19,0.0,0.0,1.57,59.2,0.38
3563,牧德,519.0,-9.0,-1.7,26W01,01/02,0.21,-575.0,-21.4,0.18,32.5,1.8,2.54,1408.0,5.87
3591,艾笛森,18.45,0.05,0.27,26W01,01/02,0.27,-135.0,-4.81,0.18,30.0,1.69,6.86,178.0,0.26
3594,磐儀,37.75,0.0,0.0,26W01,01/02,0.29,110.0,3.97,0.37,0.0,0.0,4.01,9.0,0.02
3596,智易,174.5,0.5,0.29,26W01,01/02,0.55,-1273.0,-18.9,0.79,4.0,0.05,13.7,1127.0,0.83
3622,洋華,62.8,0.8,1.29,26W01,01/02,0.34,-20.6,-0.6,0.28,3.0,0.11,8.16,59.0,0.07
3624,光頡,64.2,5.8,9.93,26W01,01/02,0.21,1432.0,223.0,0.17,-94.2,-5.16,5.46,3092.0,6.0
3645,達邁,53.0,1.1,2.12,26W01,01/02,0.54,1353.0,33.2,0.46,-857.0,-15.8,3.95,12.5,0.03
3652,精聯,29.05,0.25,0.87,26W01,01/02,0.07,0.0,0.0,0.1,0.0,0.0,5.07,9.0,0.02
3653,健策,2590.0,-155.0,-5.65,26W01,01/02,0.57,173.0,3.13,0.18,0.0,0.0,8.88,342.0,0.39
3666,光耀,32.85,-0.1,-0.3,26W01,01/02,0.07,699.0,,0.0,-898.0,-100.0,11.0,34055.0,44.6
3673,TPK-KY,40.4,0.0,0.0,26W01,01/02,0.8,-1323.0,-14.2,0.36,-57.0,-1.57,15.7,1047.0,0.67
3680,家登,371.0,15.0,4.21,26W01,01/02,0.29,-1392.0,-32.4,0.36,53.3,1.49,3.94,1957.0,5.23
3689,湧德,127.0,11.5,9.96,26W01,01/02,0.06,-1466.0,-70.0,0.44,-175.0,-3.82,2.0,3747.0,23.1
3691,碩禾,78.7,-1.6,-1.99,26W01,01/02,0.07,-618.0,-47.4,0.09,-979.0,-52.1,4.99,1056.0,2.16
3693,營邦,279.0,-0.5,-0.18,26W01,01/02,0.0,0.0,,0.25,-11.8,-0.46,1.58,10.0,0.06
3694,海華,61.9,1.6,2.65,26W01,01/02,0.2,-95.0,-4.5,0.09,7.0,0.8,9.42,318.0,0.34
3706,神達,90.9,4.5,5.21,26W01,01/02,1.02,111.0,1.1,1.14,-1173.0,-9.32,64.0,10285.0,1.63
3707,漢磊,54.0,2.2,4.25,26W01,01/02,0.58,1544.0,36.2,0.53,-156.0,-2.88,16.2,350.0,0.22
3708,上緯投控,111.5,0.5,0.45,26W01,01/02,0.29,-629.0,-17.6,0.18,-1.0,-0.06,4.29,66.9,0.16
3710,連展投控,5.97,0.07,1.19,26W01,01/02,0.89,-67.0,-0.75,0.35,0.0,0.0,5.63,297.0,0.53
3711,日月光投控,258.0,7.5,2.99,26W01,01/02,6.36,-1911.0,-2.92,5.57,911.0,1.66,377.0,9883.0,0.26
3715,定穎投控,127.0,-0.5,-0.39,26W01,01/02,0.89,-1384.0,-13.4,0.72,1032.0,16.8,10.8,5097.0,4.94
3716,中化控股,33.25,-0.15,-0.45,26W01,01/02,0.49,0.0,0.0,0.35,20.0,0.57,6.67,100.0,0.15
3717,聯嘉投控,16.85,0.15,0.9,26W01,01/02,0.49,10.0,0.21,0.43,6.0,0.14,7.15,192.0,0.27
4107,邦特,121.0,0.5,0.41,26W01,01/02,0.42,0.0,0.0,0.19,17.0,0.91,3.34,7.41,0.02
4108,懷特,13.5,0.0,0.0,26W01,01/02,0.28,0.0,0.0,0.56,0.0,0.0,4.39,88.0,0.2
4109,加捷生醫,15.2,-0.3,-1.94,26W01,01/02,0.2,0.0,0.0,0.18,-54.0,-2.98,4.22,56.4,0.13
4121,優盛,15.55,-0.05,-0.32,26W01,01/02,0.08,0.0,0.0,0.27,-50.0,-1.82,3.01,425.0,1.43
4123,晟德,40.5,-1.1,-2.64,26W01,01/02,1.92,633.0,3.4,1.92,2068.0,12.1,40.2,2326.0,0.58
4127,天良,30.55,-0.45,-1.45,26W01,01/02,0.33,-1.0,-0.03,0.08,0.0,0.0,2.5,8.0,0.03
4129,聯合,109.5,-2.5,-2.23,26W01,01/02,0.15,0.0,0.0,0.18,-968.0,-34.8,4.45,1344.0,3.12
4148,全宇生技-KY,38.5,0.2,0.52,26W01,01/02,0.0,0.0,,0.0,0.0,,5.24,43.0,0.08
4167,松瑞藥,17.9,-0.5,-2.72,26W01,01/02,0.56,-1955.0,-25.8,0.53,-49.1,-0.92,9.64,2730.0,2.91
4168,醣聯,26.3,0.55,2.14,26W01,01/02,0.13,0.0,0.0,0.18,0.0,0.0,2.15,405.0,1.92
4190,佐登-KY,29.85,0.0,0.0,26W01,01/02,0.07,0.0,0.0,0.09,0.0,0.0,3.82,7.0,0.02
4198,欣大健康,37.15,0.65,1.78,26W01,01/02,0.0,0.0,,0.1,0.0,0.0,1.79,6.0,0.03
4207,環泰,18.45,0.0,0.0,26W01,01/02,0.35,589.0,20.5,0.63,80.0,1.29,12.2,82.0,0.07
4304,勝昱,31.75,2.15,7.26,26W01,01/02,0.06,-64.0,-9.55,0.1,0.0,0.0,4.52,25000.0,124.0
4306,炎洲,14.35,0.15,1.06,26W01,01/02,1.03,762.0,7.98,0.6,-1756.0,-22.6,32.5,1601.0,0.49
4401,東隆興,16.75,-0.1,-0.59,26W01,01/02,0.34,671.0,25.0,1.01,0.0,0.0,5.75,33.0,0.06
4406,新昕纖,10.05,-0.1,-0.99,26W01,01/02,0.2,-8.0,-0.4,0.26,0.0,0.0,2.96,20.0,0.07
4426,利勤,9.57,-0.07,-0.73,26W01,01/02,0.4,22.0,0.56,0.27,0.0,0.0,9.3,10.0,0.01
4441,振大環球,243.0,7.0,2.97,26W01,01/02,0.49,-687.0,-12.3,0.0,0.0,,4.01,9.0,0.02
4503,金雨,40.5,0.4,1.0,26W01,01/02,0.07,0.0,0.0,0.09,-1.0,-0.12,4.44,13.0,0.03
4506,崇友,119.5,0.0,0.0,26W01,01/02,0.2,0.0,0.0,0.26,0.0,0.0,13.2,23.8,0.02
4523,永彰,28.65,-0.1,-0.35,26W01,01/02,0.14,0.0,0.0,0.1,0.0,0.0,3.3,139.0,0.42
4527,方土霖,39.15,-0.35,-0.89,26W01,01/02,0.14,0.0,0.0,0.09,6.0,0.66,4.53,37.0,0.08
4532,瑞智,24.3,-0.5,-2.02,26W01,01/02,0.84,-1604.0,-16.0,0.81,1616.0,24.8,32.4,1272.0,0.39
4533,協易機,22.3,0.4,1.83,26W01,01/02,0.13,-15.0,-1.11,0.35,820.0,30.1,3.98,281.0,0.71
4538,大詠城,16.95,-0.05,-0.29,26W01,01/02,0.22,0.0,0.0,0.1,0.0,0.0,4.17,29.0,0.07
4551,智伸科,114.5,2.0,1.78,26W01,01/02,0.34,44.0,1.31,0.09,0.0,0.0,8.61,42.2,0.05
4555,氣立,38.7,0.3,0.78,26W01,01/02,0.08,-7.0,-0.91,0.0,0.0,,4.6,9.0,0.02
4563,百德,47.3,4.3,10.0,26W01,01/02,0.06,0.0,0.0,0.09,0.0,0.0,2.85,38.0,0.13
4564,元翎,17.25,-0.2,-1.15,26W01,01/02,0.36,1435.0,67.3,0.64,-812.0,-11.3,6.97,270.0,0.39
4706,大恭,29.5,-0.2,-0.67,26W01,01/02,0.0,0.0,,0.09,0.0,0.0,6.07,15.0,0.02
4716,大立,16.45,0.05,0.3,26W01,01/02,0.5,51.0,1.03,0.18,0.0,0.0,2.12,139.0,0.66
4722,國精化,186.0,-1.5,-0.8,26W01,01/02,0.45,-1433.0,-24.0,0.27,-36.9,-1.33,4.1,106.0,0.26
4737,華廣,58.5,-1.0,-1.68,26W01,01/02,0.27,799.0,41.7,0.18,-850.0,-32.1,3.08,318.0,1.04
4745,合富-KY,25.4,0.05,0.2,26W01,01/02,0.28,575.0,26.3,0.36,0.0,0.0,4.1,122.0,0.3
4747,強生,60.0,0.8,1.35,26W01,01/02,0.34,0.0,0.0,0.18,0.0,0.0,2.12,6.0,0.03
4749,新應材,940.0,63.0,7.18,26W01,01/02,0.42,-122.0,-2.83,0.45,1707.0,61.3,1.94,300.0,1.57
4760,勤凱,186.0,16.0,9.41,26W01,01/02,0.14,1.05,0.08,0.0,0.0,,1.12,3.0,0.03
4770,上品,233.5,2.5,1.08,26W01,01/02,0.15,0.0,0.0,0.17,21.0,1.26,4.94,85.0,0.17
4904,遠傳,88.9,0.6,0.68,26W01,01/02,3.01,-736.0,-2.39,3.49,2429.0,7.48,325.0,1199.0,0.04
4943,康控-KY,12.9,0.0,0.0,26W01,01/02,0.51,0.0,0.0,0.38,0.0,0.0,6.75,7.0,0.01
4960,誠美材,13.35,-0.1,-0.74,26W01,01/02,0.22,-768.0,-26.0,1.31,-723.0,-5.25,35.5,2163.0,0.61
4966,譜瑞-KY,579.0,-5.0,-0.86,26W01,01/02,0.21,-648.0,-23.3,0.44,-1878.0,-30.0,1.64,1754.0,12.0
4967,十銓,193.5,4.5,2.38,26W01,01/02,0.21,-737.0,-26.1,0.09,-1861.0,-67.8,2.57,1166.0,4.76
4968,立積,124.0,-2.0,-1.59,26W01,01/02,0.34,69.4,2.06,0.18,-1041.0,-36.7,1.23,1208.0,10.8
4971,IET-KY,311.0,1.0,0.32,26W01,01/02,0.34,-652.0,-16.2,0.26,121.0,4.84,0.53,39.0,0.75
4972,湯石照明,17.85,-0.2,-1.11,26W01,01/02,0.15,0.0,0.0,0.17,0.0,0.0,2.05,44.0,0.21
4976,佳凌,30.4,0.35,1.16,26W01,01/02,0.15,-721.0,-32.7,0.26,0.0,0.0,4.23,124.0,0.29
4989,榮科,54.3,1.8,3.43,26W01,01/02,0.28,1297.0,85.8,0.08,-148.0,-15.3,5.43,1341.0,2.53
4991,環宇-KY,226.5,-2.0,-0.88,26W01,01/02,0.47,1227.0,35.2,0.27,-1952.0,-42.1,6.97,1071.0,1.56
4995,晶達,40.9,0.1,0.25,26W01,01/02,0.15,0.0,0.0,0.34,95.0,2.86,2.05,7.0,0.03
5011,久陽,10.0,-0.05,-0.5,26W01,01/02,0.5,-8.0,-0.16,0.38,0.0,0.0,3.19,17.0,0.05
5015,華祺,27.6,0.1,0.36,26W01,01/02,0.2,0.0,0.0,0.09,0.0,0.0,2.51,5.0,0.02
5201,凱衛,45.05,-0.3,-0.66,26W01,01/02,0.28,0.0,0.0,0.18,-995.0,-35.3,1.27,1219.0,10.6
5202,力新,16.25,0.1,0.62,26W01,01/02,0.13,12.4,0.96,0.28,-10.0,-0.36,4.42,16.0,0.04
5203,訊連,88.5,-0.8,-0.9,26W01,01/02,0.5,-10.4,-0.21,0.08,0.0,0.0,2.85,22.0,0.08
5213,亞昕,23.9,-0.1,-0.42,26W01,01/02,0.48,716.0,17.6,0.26,-924.0,-26.1,60.9,167.0,0.03
5222,全訊,131.0,2.0,1.55,26W01,01/02,0.26,-164.0,-5.96,0.46,-12.1,-0.26,1.96,23.0,0.12
5244,弘凱,43.05,-0.5,-1.15,26W01,01/02,0.28,778.0,38.8,0.35,-847.0,-19.4,2.11,9.0,0.04
5258,虹堡,66.3,-0.6,-0.9,26W01,01/02,0.41,2.0,0.05,0.55,4.0,0.07,4.38,23.3,0.05
5274,信驊,7255.0,-5.0,-0.07,26W01,01/02,0.08,67.0,9.14,0.19,68.0,3.67,0.75,12.0,0.16
5289,宜鼎,595.0,19.0,3.3,26W01,01/02,0.62,-27.5,-0.44,0.44,-106.0,-2.33,2.8,1428.0,5.37
5306,桂盟,88.6,-2.1,-2.32,26W01,01/02,0.13,0.0,0.0,0.08,0.0,0.0,8.2,23.0,0.03
5314,世紀*,97.8,-0.3,-0.31,26W01,01/02,0.37,-1344.0,-26.8,0.27,-944.0,-26.0,13.8,1228.0,0.89
5321,美而快,37.0,0.85,2.35,26W01,01/02,0.07,0.0,0.0,0.09,0.0,0.0,2.56,19.0,0.07
5324,士開,10.35,0.1,0.98,26W01,01/02,0.55,-776.0,-12.3,0.37,817.0,28.5,15.3,118.0,0.08
5340,建榮,68.2,-1.7,-2.43,26W01,01/02,0.59,420.0,7.68,0.71,13.4,0.19,10.9,668.0,0.61
5355,佳總,7.05,-0.24,-3.29,26W01,01/02,0.42,-46.0,-1.1,0.38,0.0,0.0,10.0,323.0,0.32
5356,協益,24.85,-0.05,-0.2,26W01,01/02,0.23,0.0,0.0,0.08,0.0,0.0,3.94,162.0,0.41
5403,中菲,116.0,0.0,0.0,26W01,01/02,0.35,6.0,0.17,0.37,0.0,0.0,1.97,5.0,0.03
5410,國眾,30.8,0.1,0.33,26W01,01/02,0.13,0.0,0.0,0.35,-4.3,-0.12,2.49,59.0,0.24
5425,台半,51.7,0.1,0.19,26W01,01/02,0.22,106.0,5.0,0.28,40.5,1.49,7.86,171.0,0.22
5426,振發,19.85,0.15,0.76,26W01,01/02,0.29,-517.0,-15.1,0.0,-968.0,-100.0,7.58,1227.0,1.64
5434,崇越,296.5,5.5,1.89,26W01,01/02,0.84,890.0,11.9,0.51,-1664.0,-24.6,7.82,73.0,0.09
5439,高技,309.0,-8.0,-2.52,26W01,01/02,0.51,-1460.0,-22.4,0.36,869.0,32.3,2.86,4.28,0.01
5443,均豪,94.0,8.5,9.94,26W01,01/02,0.08,0.0,0.0,0.08,0.0,0.0,5.34,43.1,0.08
5457,宣德,41.65,0.85,2.08,26W01,01/02,0.34,704.0,26.1,0.27,-804.0,-22.7,8.54,540.0,0.64
5460,同協,15.8,0.05,0.32,26W01,01/02,0.27,8.47,0.31,0.35,15.0,0.43,1.98,100.0,0.51
5483,中美晶,110.5,4.0,3.76,26W01,01/02,1.3,1390.0,12.0,1.17,-4860.0,-29.4,33.5,1960.0,0.59
5487,通泰,30.1,0.2,0.67,26W01,01/02,0.2,-785.0,-27.8,0.27,820.0,42.5,1.14,8.0,0.07
5488,松普,9.7,0.1,1.04,26W01,01/02,0.26,11.0,0.42,0.26,-24.0,-0.9,2.87,37.0,0.13
5489,彩富,40.05,-0.2,-0.5,26W01,01/02,0.0,0.0,,0.0,-944.0,-100.0,8.38,40.0,0.05
5498,凱崴,53.0,2.6,5.16,26W01,01/02,0.13,-1396.0,-51.6,0.17,855.0,97.9,7.1,3382.0,5.0
5511,德昌,65.2,-0.3,-0.46,26W01,01/02,0.21,0.0,0.0,0.54,0.0,0.0,5.75,67.0,0.12
5512,力麒,7.86,-0.04,-0.51,26W01,01/02,1.98,1367.0,7.42,1.22,-1121.0,-8.38,40.5,701.0,0.17
5515,建國,36.05,0.05,0.14,26W01,01/02,0.47,682.0,16.9,0.18,16.7,0.94,12.2,119.0,0.1
5519,隆大,32.75,-0.25,-0.76,26W01,01/02,0.63,2148.0,52.0,0.08,-879.0,-52.2,11.3,75.0,0.07
5522,遠雄,74.1,-2.4,-3.14,26W01,01/02,0.56,1342.0,31.3,0.43,-1823.0,-30.0,68.4,1600.0,0.23
5529,鉅陞,29.1,-1.1,-3.64,26W01,01/02,0.15,0.0,0.0,0.17,-985.0,-36.6,6.89,1176.0,1.74
5536,聖暉*,762.0,-19.0,-2.43,26W01,01/02,0.58,631.0,12.2,0.45,-1629.0,-26.7,4.3,1483.0,3.57
5543,桓鼎-KY,28.9,-0.5,-1.7,26W01,01/02,0.41,0.0,0.0,0.36,0.0,0.0,2.07,14.0,0.07
5607,遠雄港,48.75,0.35,0.72,26W01,01/02,0.28,-1255.0,-31.2,0.54,0.0,0.0,25.3,120.0,0.05
5608,四維航,17.55,-0.05,-0.28,26W01,01/02,0.33,-2031.0,-37.8,0.79,1804.0,29.4,9.01,193.0,0.21
5609,中菲行,79.8,-0.2,-0.25,26W01,01/02,0.53,0.0,0.0,0.09,0.14,0.02,6.56,105.0,0.16
5706,鳳凰,50.8,0.2,0.4,26W01,01/02,0.07,0.0,0.0,0.08,-41.0,-4.86,2.94,18.0,0.06
5902,德記,44.75,0.2,0.45,26W01,01/02,0.07,0.0,0.0,0.28,0.0,0.0,7.42,12.0,0.02
5904,寶雅,446.0,6.5,1.48,26W01,01/02,0.45,0.0,0.0,0.64,11.0,0.17,5.64,8.0,0.01
5905,南仁湖,9.11,0.0,0.0,26W01,01/02,0.48,37.0,0.77,0.27,-1958.0,-41.9,12.5,1767.0,1.44
6015,宏遠證,10.8,0.05,0.47,26W01,01/02,0.37,854.0,29.7,0.44,-842.0,-16.0,15.8,28.0,0.02
6023,元大期,96.4,-1.1,-1.13,26W01,01/02,0.07,-2.0,-0.28,0.09,-915.0,-49.4,27.3,1582.0,0.58
6108,競國,14.45,0.1,0.7,26W01,01/02,0.56,-1.0,-0.02,0.0,0.0,,6.86,170.0,0.25
6109,亞元,11.9,0.05,0.42,26W01,01/02,0.12,5.0,0.41,0.45,0.0,0.0,2.15,3.0,0.01
6111,大宇資,49.0,0.3,0.62,26W01,01/02,0.08,0.0,0.0,0.18,0.0,0.0,3.74,68.9,0.18
6112,邁達特,47.6,1.55,3.37,26W01,01/02,0.13,0.0,0.0,0.19,0.0,0.0,10.5,38.6,0.04
6115,鎰勝,46.8,-0.4,-0.85,26W01,01/02,0.21,0.0,0.0,0.56,0.0,0.0,10.4,13.0,0.01
6120,達運,12.15,0.0,0.0,26W01,01/02,0.85,1508.0,21.6,0.8,-912.0,-10.2,31.6,1180.0,0.37
6122,擎邦,50.4,1.05,2.13,26W01,01/02,0.49,642.0,15.2,0.18,0.0,0.0,1.61,4.0,0.02
6123,上奇,47.7,-0.3,-0.62,26W01,01/02,0.07,-30.0,-4.01,0.1,0.0,0.0,2.07,4.0,0.02
6126,信音,31.8,1.05,3.41,26W01,01/02,0.61,1309.0,27.5,0.08,-1000.0,-55.1,3.82,992.0,2.67
6134,萬旭,26.95,0.1,0.37,26W01,01/02,0.07,0.0,0.0,0.19,57.0,3.13,3.86,85.0,0.22
6136,富爾特,24.25,0.05,0.21,26W01,01/02,0.52,-656.0,-11.2,0.36,-860.0,-19.3,3.47,1471.0,4.42
6141,柏承,10.5,-0.1,-0.94,26W01,01/02,0.13,0.0,0.0,0.38,0.0,0.0,4.37,5.0,0.01
6142,友勁,9.07,-0.07,-0.77,26W01,01/02,0.55,-647.0,-10.5,0.53,-91.0,-1.69,16.4,214.0,0.13
6143,振曜,121.5,0.0,0.0,26W01,01/02,0.28,54.9,1.98,0.37,-805.0,-18.0,2.99,1260.0,4.4
6146,耕興,158.5,-1.5,-0.94,26W01,01/02,0.41,-694.0,-14.4,0.53,875.0,19.9,4.59,8.0,0.02
6156,松上,22.6,0.35,1.57,26W01,01/02,0.13,39.0,3.08,0.09,-22.0,-2.4,4.14,24.0,0.06
6165,浪凡,47.15,-0.1,-0.21,26W01,01/02,0.35,60.0,1.76,0.17,-11.0,-0.64,3.14,51.0,0.16
6167,久正,11.3,-0.15,-1.31,26W01,01/02,0.4,608.0,17.7,0.36,0.0,0.0,5.69,97.0,0.17
6168,宏齊,20.3,0.95,4.91,26W01,01/02,0.26,-751.0,-22.5,0.08,808.0,,9.83,39.0,0.04
6170,統振,49.55,0.05,0.1,26W01,01/02,0.06,-669.0,-50.9,0.37,-4.0,-0.11,4.7,52.0,0.11
6171,大城地產,28.9,-0.1,-0.34,26W01,01/02,0.14,15.0,1.05,0.56,10.0,0.18,7.77,75.0,0.1
6173,信昌電,70.3,2.9,4.3,26W01,01/02,0.15,842.0,120.0,0.27,-864.0,-24.6,7.75,1198.0,1.57
6177,達麗,52.6,-1.1,-2.05,26W01,01/02,1.77,34.9,0.2,0.7,1743.0,33.3,32.3,158.0,0.05
6182,合晶,31.25,0.45,1.46,26W01,01/02,0.56,-1258.0,-18.3,0.91,847.0,10.2,8.9,1726.0,1.98
6185,幃翔,15.15,-0.1,-0.66,26W01,01/02,0.71,-43.0,-0.6,0.72,-50.3,-0.69,5.84,40.0,0.07
6186,新潤,53.7,-2.4,-4.28,26W01,01/02,0.5,-79.3,-1.56,0.17,-1845.0,-52.5,9.21,1689.0,1.87
6187,萬潤,372.5,8.5,2.34,26W01,01/02,0.48,-643.0,-11.8,0.63,-10.4,-0.16,2.36,1204.0,5.38
6188,廣明,109.5,2.5,2.34,26W01,01/02,0.41,-696.0,-14.4,0.44,-165.0,-3.61,11.7,2669.0,2.34
6190,萬泰科,44.7,0.85,1.94,26W01,01/02,0.9,703.0,8.49,0.09,-1802.0,-66.6,5.19,260.0,0.5
6196,帆宣,276.0,1.0,0.36,26W01,01/02,0.4,706.0,21.4,0.38,-1710.0,-31.3,14.5,2568.0,1.8
6205,詮欣,61.0,-1.0,-1.61,26W01,01/02,0.07,-1267.0,-63.4,0.08,0.0,0.0,3.25,10.0,0.03
6208,日揚,45.1,-0.1,-0.22,26W01,01/02,0.21,0.0,0.0,0.46,0.0,0.0,5.25,23.0,0.04
6213,聯茂,116.5,3.0,2.64,26W01,01/02,0.8,1671.0,26.4,0.35,-2696.0,-43.4,17.6,1457.0,0.84
6216,居易,26.5,-0.05,-0.19,26W01,01/02,0.27,0.0,0.0,0.09,0.0,0.0,2.9,8.0,0.03
6219,富旺,20.05,-0.15,-0.74,26W01,01/02,0.07,-48.0,-6.44,0.0,0.0,,7.39,203.0,0.28
6220,岳豐,26.05,0.1,0.39,26W01,01/02,0.74,583.0,8.51,0.27,-991.0,-26.7,7.21,1306.0,1.85
6223,旺矽,2260.0,10.0,0.44,26W01,01/02,0.47,645.0,15.9,0.17,-945.0,-35.5,4.0,905.0,2.32
6231,系微,218.5,4.5,2.1,26W01,01/02,0.13,0.0,0.0,0.0,0.0,,1.14,12.4,0.11
6233,旺玖,25.3,-0.2,-0.78,26W01,01/02,0.14,649.0,85.4,0.45,-3.0,-0.07,1.34,253.0,1.93
6235,華孚,62.8,0.3,0.48,26W01,01/02,0.58,2055.0,54.7,0.0,-1841.0,-100.0,7.42,865.0,1.18
6239,力成,183.5,10.5,6.07,26W01,01/02,1.44,1942.0,15.6,1.56,-1884.0,-10.8,53.7,2411.0,0.45
6248,沛波,21.35,-0.1,-0.47,26W01,01/02,0.13,0.0,0.0,0.09,0.0,0.0,3.91,216.0,0.56
6257,矽格,117.0,0.5,0.43,26W01,01/02,1.53,-27.1,-0.18,1.07,-91.1,-0.84,23.4,130.0,0.06
6264,富裔,7.29,0.01,0.14,26W01,01/02,0.12,0.0,0.0,0.19,0.0,0.0,9.07,18.0,0.02
6265,方土昶,33.45,1.3,4.04,26W01,01/02,0.26,-931.0,-26.2,0.28,993.0,54.6,6.04,6978.0,13.1
6271,同欣電,134.0,0.5,0.37,26W01,01/02,0.63,754.0,13.7,0.35,-2794.0,-44.2,8.9,1461.0,1.67
6276,安鈦克,39.75,1.1,2.85,26W01,01/02,0.08,0.0,0.0,0.0,0.0,,1.08,37.0,0.34
6277,宏正,60.7,-0.5,-0.82,26W01,01/02,0.57,0.0,0.0,0.27,0.0,0.0,5.19,17.0,0.03
6283,淳安,25.55,0.05,0.2,26W01,01/02,0.23,69.0,3.08,0.08,-934.0,-53.0,8.34,1021.0,1.24
6290,良維,186.0,5.5,3.05,26W01,01/02,0.29,0.0,0.0,0.71,-1983.0,-21.9,6.02,2430.0,4.21
6405,悅城,28.85,1.25,4.53,26W01,01/02,0.36,44.0,1.25,0.44,100.0,2.3,2.44,45.0,0.18
6411,晶焱,77.5,1.5,1.97,26W01,01/02,0.21,-1320.0,-38.8,0.44,-919.0,-17.1,2.36,2959.0,14.4
6414,樺漢,286.0,-0.5,-0.17,26W01,01/02,0.48,-91.9,-1.87,0.29,71.3,2.53,7.42,4857.0,7.01
6415,矽力*-KY,185.5,-6.0,-3.13,26W01,01/02,1.65,728.0,4.62,1.34,-1847.0,-12.1,25.6,1282.0,0.5
6417,韋僑,105.5,-0.5,-0.47,26W01,01/02,0.08,0.0,0.0,0.18,0.0,0.0,2.23,33.0,0.15
6425,易發,82.0,-3.1,-3.64,26W01,01/02,0.14,-94.1,-6.31,0.09,0.0,0.0,2.12,206.0,0.98
6431,光麗-KY,26.9,0.0,0.0,26W01,01/02,0.15,-1461.0,-49.5,0.08,803.0,,6.33,298.0,0.47
6435,大中,113.0,5.0,4.63,26W01,01/02,0.08,0.0,0.0,0.0,0.0,,1.8,3.0,0.02
6438,迅得,141.5,4.0,2.91,26W01,01/02,0.29,6.0,0.21,0.56,-22.0,-0.39,1.77,2.0,0.01
6449,鈺邦,173.5,10.5,6.44,26W01,01/02,0.0,0.0,,0.0,0.0,,6.19,8.0,0.01
6462,神盾,119.5,-1.0,-0.83,26W01,01/02,0.27,-110.0,-3.86,0.17,20.0,1.16,2.21,152.0,0.69
6464,台數科,77.0,0.0,0.0,26W01,01/02,0.27,0.0,0.0,0.17,0.0,0.0,9.96,14.0,0.01
6472,保瑞,492.0,4.0,0.82,26W01,01/02,0.63,-71.7,-1.13,0.0,0.0,,5.77,105.0,0.18
6474,華豫寧,35.15,0.0,0.0,26W01,01/02,0.4,0.0,0.0,0.27,0.0,0.0,2.43,6.0,0.02
6488,環球晶,403.0,-3.0,-0.74,26W01,01/02,1.11,-1247.0,-10.1,0.82,207.0,2.59,32.8,2708.0,0.83
6498,久禾光,91.9,1.7,1.88,26W01,01/02,0.13,0.0,0.0,0.34,0.0,0.0,2.76,8.0,0.03
6499,益安,93.2,-1.3,-1.38,26W01,01/02,0.23,887.0,61.5,0.08,-881.0,-51.9,3.65,57.0,0.16
6504,南六,41.2,-0.25,-0.6,26W01,01/02,0.13,0.0,0.0,0.08,0.0,0.0,4.63,39.0,0.08
6506,雙邦,15.35,0.0,0.0,26W01,01/02,0.47,6.0,0.13,0.27,0.0,0.0,3.63,8.0,0.02
6509,聚和,32.35,-0.1,-0.31,26W01,01/02,0.34,-822.0,-19.4,0.89,829.0,10.2,4.5,121.0,0.27
6510,精測,2295.0,10.0,0.44,26W01,01/02,0.13,-12.0,-0.88,0.09,0.0,0.0,1.61,113.0,0.71
6515,穎崴,2895.0,55.0,1.94,26W01,01/02,0.06,-704.0,-53.1,0.25,-134.0,-5.06,1.5,1424.0,10.5
6531,愛普*,458.5,10.5,2.34,26W01,01/02,0.54,583.0,12.0,0.34,-873.0,-20.2,8.92,8575.0,10.6
6534,正瀚-創,89.6,-0.4,-0.44,26W01,01/02,0.3,0.0,0.0,0.09,0.0,0.0,7.57,9.0,0.01
6535,順藥,188.0,-6.5,-3.34,26W01,01/02,0.44,0.0,0.0,0.45,11.0,0.24,9.43,184.0,0.2
6576,逸達,80.4,-0.2,-0.25,26W01,01/02,0.34,0.0,0.0,0.44,-5.0,-0.11,8.64,383.0,0.45
6584,南俊國際,326.5,-20.5,-5.91,26W01,01/02,0.33,0.0,0.0,0.09,0.0,0.0,4.37,69.0,0.16
6598,ABC-KY,22.0,0.0,0.0,26W01,01/02,0.14,2.0,0.14,0.54,15.0,0.28,4.17,52.0,0.12
6605,帝寶,137.5,-2.0,-1.43,26W01,01/02,0.49,802.0,19.6,0.63,-1009.0,-13.8,9.57,77.4,0.08
6637,醫影,78.7,1.0,1.29,26W01,01/02,0.21,0.0,0.0,0.0,0.0,,1.44,2.0,0.01
6654,天正國際,85.0,0.0,0.0,26W01,01/02,0.06,0.0,0.0,0.0,0.0,,2.92,4000.0,15.9
6655,科定,118.5,-2.0,-1.66,26W01,01/02,0.34,0.0,0.0,0.18,0.0,0.0,6.13,17.0,0.03
6657,華安,41.05,-1.95,-4.53,26W01,01/02,0.47,4.0,0.08,0.2,0.0,0.0,1.98,286.0,1.47
6658,聯策,60.9,2.3,3.92,26W01,01/02,0.06,0.0,0.0,0.09,0.0,0.0,1.19,47.0,0.4
6661,威健生技,18.65,0.05,0.27,26W01,01/02,0.0,0.0,,0.0,0.0,,1.42,20.0,0.14
6662,樂斯科,30.9,-0.1,-0.32,26W01,01/02,0.07,0.0,0.0,0.1,2.0,0.2,0.99,1.0,0.01
6669,緯穎,4480.0,-5.0,-0.11,26W01,01/02,0.83,773.0,10.3,0.27,-1625.0,-37.3,10.0,93.4,0.09
6670,復盛應用,250.0,-5.5,-2.15,26W01,01/02,0.73,26.5,0.36,0.45,-858.0,-16.0,8.7,1045.0,1.22
6671,三能-KY,35.8,-0.1,-0.28,26W01,01/02,0.13,-3.0,-0.23,0.28,2.0,0.07,3.39,10.0,0.03
6679,鈺太,176.0,-6.0,-3.3,26W01,01/02,0.0,0.0,,0.36,22.8,0.64,2.41,57.0,0.24
6680,鑫創電子,59.0,0.0,0.0,26W01,01/02,0.07,0.0,0.0,0.08,0.0,0.0,1.54,13.0,0.08
6695,芯鼎,45.05,-0.35,-0.77,26W01,01/02,0.19,49.0,2.59,0.17,0.0,0.0,3.58,46.0,0.13
6739,竹陞科技,793.0,46.0,6.16,26W01,01/02,0.0,0.0,,0.08,0.0,0.0,1.23,23.3,0.19
6741,91APP*-KY,73.9,-0.1,-0.14,26W01,01/02,0.29,-725.0,-20.2,0.73,1059.0,17.1,6.86,398.0,0.58
6753,龍德造船,133.0,0.0,0.0,26W01,01/02,0.13,-71.0,-5.0,0.57,-995.0,-15.0,6.05,802.0,1.34
6768,志強-KY,105.5,0.0,0.0,26W01,01/02,0.33,-707.0,-17.7,0.26,-945.0,-26.9,15.8,1044.0,0.67
6788,華景電,375.0,-7.0,-1.83,26W01,01/02,0.21,-779.0,-26.6,0.25,1678.0,205.0,0.83,122.0,1.5
6789,采鈺,279.0,-6.0,-2.11,26W01,01/02,0.39,-1664.0,-29.8,0.18,936.0,106.0,22.6,1499.0,0.67
6805,富世達,1535.0,-90.0,-5.54,26W01,01/02,0.46,-164.0,-3.41,0.1,-914.0,-47.9,2.87,1303.0,4.76
6835,圓裕,38.9,0.2,0.52,26W01,01/02,0.33,0.0,0.0,0.0,0.0,,4.38,147.0,0.34
6843,進典,57.0,1.0,1.79,26W01,01/02,0.28,0.0,0.0,0.27,0.0,0.0,1.9,12.0,0.06
6859,伯特光,114.5,-0.5,-0.43,26W01,01/02,0.06,0.0,0.0,0.0,0.0,,2.45,10.8,0.04
6877,鏵友益,88.5,0.9,1.03,26W01,01/02,0.51,803.0,18.6,0.36,-931.0,-20.7,2.19,261.0,1.21
6890,來億-KY,250.5,0.0,0.0,26W01,01/02,0.13,-617.0,-31.9,0.0,0.0,,21.9,227.0,0.1
6902,GOGOLOOK,75.9,-1.1,-1.43,26W01,01/02,0.07,0.0,0.0,0.09,0.0,0.0,2.08,7.0,0.03
6925,意藍,88.8,0.5,0.57,26W01,01/02,0.0,0.0,,0.0,0.0,,0.95,8.0,0.08
6944,兆聯實業,699.0,7.0,1.01,26W01,01/02,0.69,-604.0,-8.06,0.09,0.0,0.0,2.57,57.8,0.23
6949,沛爾生醫-創,308.5,-34.0,-9.93,26W01,01/02,0.06,0.0,0.0,0.17,0.0,0.0,3.68,71.0,0.19
6962,奕力-KY,38.9,-0.2,-0.51,26W01,01/02,0.47,25.0,0.54,0.55,-955.0,-14.9,24.2,892.0,0.37
6965,中傑-KY,92.3,-0.1,-0.11,26W01,01/02,0.15,0.0,0.0,0.0,0.0,,13.9,373.0,0.27
7631,聚賢研發-創,128.0,0.0,0.0,26W01,01/02,0.28,-33.0,-1.18,0.0,0.0,,1.08,7.0,0.06
7713,威力德生醫,72.8,-0.6,-0.82,26W01,01/02,0.21,-6.0,-0.28,0.1,0.0,0.0,3.39,19.0,0.06
7722,LINEPAY,558.0,-12.0,-2.11,26W01,01/02,0.0,0.0,,0.0,0.0,,6.01,9.0,0.01
7723,築間,33.2,-0.4,-1.19,26W01,01/02,0.35,0.0,0.0,0.09,0.0,0.0,2.21,3.0,0.01
7732,金興精密,40.3,0.1,0.25,26W01,01/02,0.0,0.0,,0.0,0.0,,5.56,137.0,0.25
7740,熙特爾-創,160.5,2.5,1.58,26W01,01/02,0.07,-4.0,-0.57,0.09,0.0,0.0,3.34,98.0,0.29
7744,崴寶,320.0,22.0,7.38,26W01,01/02,0.29,-790.0,-21.3,0.37,918.0,32.8,1.86,5.0,0.03
7747,昕奇雲端,119.0,2.0,1.71,26W01,01/02,0.07,0.0,0.0,0.18,0.0,0.0,1.9,25.0,0.13
7749,意騰-KY,440.0,13.0,3.04,26W01,01/02,0.31,0.0,0.0,0.18,-1.0,-0.05,1.49,223.0,1.52
7767,仁大資訊,50.8,-0.5,-0.97,26W01,01/02,0.2,0.0,0.0,0.2,0.0,0.0,1.64,197.0,1.21
7769,鴻勁,3430.0,5.0,0.15,26W01,01/02,0.55,667.0,13.7,0.17,819.0,94.0,11.4,54.1,0.05
7770,君曜,69.6,6.3,9.95,26W01,01/02,0.08,0.0,0.0,0.09,0.0,0.0,1.87,41.2,0.22
8011,台通,22.3,0.05,0.22,26W01,01/02,0.58,59.0,1.02,0.17,0.0,0.0,4.4,116.0,0.26
8021,尖點,189.5,-0.5,-0.26,26W01,01/02,0.25,1159.0,86.0,0.45,-1843.0,-29.0,4.59,6053.0,15.2
8028,昇陽半導體,186.5,8.5,4.78,26W01,01/02,0.57,-0.73,-0.01,0.35,-109.0,-3.03,4.4,4980.0,12.8
8039,台虹,89.2,4.0,4.69,26W01,01/02,1.06,-1521.0,-12.5,0.26,-114.0,-4.19,13.5,753.0,0.56
8040,九暘,48.3,-0.5,-1.02,26W01,01/02,0.2,0.0,0.0,0.19,0.0,0.0,4.24,110.0,0.26
8044,網家,30.5,-1.4,-4.39,26W01,01/02,0.26,-958.0,-27.0,0.19,0.0,0.0,11.5,87.9,0.08
8047,星雲,50.7,0.2,0.4,26W01,01/02,0.21,25.0,1.22,0.09,-20.0,-2.09,2.86,136.0,0.48
8069,元太,201.0,3.0,1.52,26W01,01/02,3.26,-662.0,-1.99,3.54,-1217.0,-3.32,81.1,3841.0,0.48
8070,長華*,43.95,0.5,1.15,26W01,01/02,1.15,2074.0,21.9,0.56,67.4,1.23,49.8,829.0,0.17
8072,陞泰,31.0,0.75,2.48,26W01,01/02,0.0,0.0,,0.09,0.0,0.0,4.74,60.0,0.13
8080,泰霖,28.7,0.0,0.0,26W01,01/02,0.06,0.0,0.0,0.0,0.0,,5.54,4000.0,7.78
8088,品安,46.75,0.55,1.19,26W01,01/02,0.0,0.0,,0.0,-832.0,-100.0,0.83,1534.0,22.6
8096,擎亞,52.9,1.9,3.73,26W01,01/02,0.3,320.0,12.1,0.27,-1767.0,-39.8,4.1,1030.0,2.58
8097,常珵,61.1,0.3,0.49,26W01,01/02,0.21,-2036.0,-49.6,0.48,29.3,0.62,3.26,143.0,0.44
8099,大世科,72.3,0.8,1.12,26W01,01/02,0.21,4.0,0.19,0.08,0.0,0.0,7.67,117.0,0.15
8103,瀚荃,87.6,1.8,2.1,26W01,01/02,0.56,-679.0,-10.8,0.17,-110.0,-6.18,2.81,215.0,0.77
8114,振樺電,176.0,-1.0,-0.56,26W01,01/02,0.14,0.0,0.0,0.27,-2.0,-0.08,2.86,132.0,0.46
8131,福懋科,66.7,2.0,3.09,26W01,01/02,0.7,2012.0,40.6,0.53,1991.0,59.6,31.3,1369.0,0.44
8147,正淩,106.5,2.0,1.91,26W01,01/02,0.22,0.0,0.0,0.08,-971.0,-54.6,1.48,1001.0,7.25
8155,博智,168.0,0.0,0.0,26W01,01/02,0.19,-137.0,-6.59,0.18,-850.0,-31.9,2.41,99.0,0.41
8171,天宇,24.4,0.0,0.0,26W01,01/02,0.42,-7.0,-0.17,0.27,0.0,0.0,5.63,7.0,0.01
8210,勤誠,954.0,-51.0,-5.07,26W01,01/02,0.29,-1294.0,-30.9,0.18,841.0,84.1,7.68,91.9,0.12
8213,志超,32.75,0.2,0.61,26W01,01/02,0.56,-95.0,-1.68,0.28,0.0,0.0,10.6,58.0,0.05
8215,明基材,18.9,-0.05,-0.26,26W01,01/02,0.36,-1.0,-0.03,0.0,0.0,,16.0,92.8,0.06
8234,新漢,73.0,1.8,2.53,26W01,01/02,0.23,0.0,0.0,0.43,75.1,1.78,6.53,10.0,0.02
8255,朋程,117.5,-2.0,-1.67,26W01,01/02,0.08,775.0,,0.18,0.0,0.0,4.85,59.8,0.12
8277,商丞,9.36,0.18,1.96,26W01,01/02,0.07,0.0,0.0,0.0,-918.0,-100.0,1.11,1095.0,10.9
8299,群聯,1445.0,-5.0,-0.34,26W01,01/02,1.46,702.0,5.06,0.83,-43.0,-0.51,9.62,103.0,0.11
8342,益張,84.0,0.1,0.12,26W01,01/02,0.0,0.0,,0.1,0.0,0.0,2.15,12.0,0.06
8349,恒耀,44.3,0.4,0.91,26W01,01/02,0.48,-19.8,-0.41,0.16,0.0,0.0,13.4,126.0,0.09
8354,冠好,16.15,0.15,0.94,26W01,01/02,0.5,0.0,0.0,0.26,0.0,0.0,3.59,37.0,0.1
8358,金居,290.0,13.0,4.69,26W01,01/02,0.94,793.0,9.27,0.63,24.5,0.39,11.9,280.0,0.24
8367,建新國際,42.75,-0.85,-1.95,26W01,01/02,0.21,0.0,0.0,0.27,-876.0,-24.3,5.4,916.0,1.73
8409,商之器,22.45,0.7,3.22,26W01,01/02,0.07,0.0,0.0,0.08,0.0,0.0,1.21,4.0,0.03
8411,福貞-KY,12.4,-0.1,-0.8,26W01,01/02,0.14,0.0,0.0,0.27,0.0,0.0,17.2,78.0,0.05
8415,大國鋼,33.7,-0.05,-0.15,26W01,01/02,1.2,-49.0,-0.41,0.45,0.0,0.0,92.3,231.0,0.03
8443,阿瘦,11.15,0.05,0.45,26W01,01/02,0.2,0.0,0.0,0.17,-952.0,-35.6,3.95,1370.0,3.6
8489,三貝德,40.05,-0.15,-0.37,26W01,01/02,0.33,4.0,0.12,0.26,0.0,0.0,2.91,43.0,0.15
8908,欣雄,44.0,-0.3,-0.68,26W01,01/02,0.08,0.0,0.0,0.26,-57.2,-2.14,26.9,30.0,0.01
8927,北基,24.4,0.35,1.46,26W01,01/02,0.88,-8.0,-0.09,1.17,-1.0,-0.01,31.2,305.0,0.1
8928,鉅明,24.75,-0.15,-0.6,26W01,01/02,0.2,0.0,0.0,0.09,0.0,0.0,1.93,10.0,0.05
8930,青鋼,32.7,0.1,0.31,26W01,01/02,0.2,0.0,0.0,0.18,0.0,0.0,4.48,98.0,0.22
8937,合騏,154.0,2.0,1.32,26W01,01/02,0.21,-2.0,-0.1,0.16,20.0,1.23,8.56,22.6,0.03
8938,明安,70.0,0.1,0.14,26W01,01/02,0.62,-749.0,-10.7,0.95,0.0,0.0,6.62,167.0,0.25
8940,新天地,22.25,1.85,9.07,26W01,01/02,0.14,0.0,0.0,0.27,16.0,0.59,4.2,27.0,0.06
8941,關中,43.45,0.0,0.0,26W01,01/02,0.2,-795.0,-28.3,0.36,825.0,29.6,1.58,40.0,0.25
8996,高力,569.0,-11.0,-1.9,26W01,01/02,0.27,-791.0,-22.5,0.43,806.0,22.7,3.04,356.0,1.18
9802,鈺齊-KY,102.0,0.0,0.0,26W01,01/02,0.62,645.0,11.5,0.18,-829.0,-31.4,12.6,979.0,0.79
9904,寶成,30.25,0.1,0.33,26W01,01/02,3.33,-219.0,-0.65,2.68,-3801.0,-12.4,225.0,1031.0,0.05
9908,大台北,29.85,-0.15,-0.5,26W01,01/02,0.82,0.0,0.0,1.15,-999.0,-7.99,38.4,977.0,0.25
9910,豐泰,112.5,-4.0,-3.43,26W01,01/02,0.57,42.0,0.74,1.26,8.22,0.07,86.1,394.0,0.05
9912,偉聯,12.45,-0.05,-0.4,26W01,01/02,0.21,107.0,5.39,0.0,0.0,,2.76,23.0,0.08
9914,美利達,78.5,-4.2,-5.08,26W01,01/02,0.5,-650.0,-11.6,1.01,-1.0,-0.01,19.3,346.0,0.18
9919,康那香,16.6,0.2,1.22,26W01,01/02,0.21,-11.0,-0.53,0.08,0.0,0.0,8.76,32.0,0.04
9924,福興,52.4,0.0,0.0,26W01,01/02,0.34,0.0,0.0,0.46,0.0,0.0,8.07,104.0,0.13
9940,信義,22.7,0.0,0.0,26W01,01/02,0.62,702.0,12.8,0.35,-809.0,-18.9,58.0,121.0,0.02
9944,新麗,17.0,-0.05,-0.29,26W01,01/02,0.36,1.5,0.04,0.17,-10.9,-0.64,7.01,19.0,0.03
9951,皇田,55.6,0.1,0.18,26W01,01/02,0.41,-11.0,-0.26,0.0,0.0,,2.94,11.0,0.04
9955,佳龍,30.55,0.05,0.16,26W01,01/02,0.08,0.0,0.0,0.18,0.0,0.0,6.08,182.0,0.3
9962,有益,10.25,-0.1,-0.97,26W01,01/02,0.14,0.0,0.0,0.17,0.0,0.0,3.48,7.0,0.02
